"","name","Dist","Fuel","Time","startTime"
"1","FBV 4392",3036,0,45.0666666666667,"2015-12-08 12:36:50"
"2","GJX 9016",4953,0,15.0333333333333,"2015-12-08 12:31:49"
"3","GJX 9016",8454,0,80.1333333333333,"2015-12-08 10:36:38"
"4","GJX 9016",528,0,5,"2015-12-08 10:31:38"
"5","CSG 1518",2606,0,30.05,"2015-12-08 11:51:46"
"6","FJC 9784",8656,6,120.083333333333,"2015-12-08 06:41:28"
"7","CSF 9067",13102,3,30.0166666666667,"2015-12-08 09:06:34"
"8","CZT 1033",6584,0,20,"2015-12-07 19:05:55"
"9","CZT 1033",7094,6,45.0166666666667,"2015-12-07 17:05:51"
"10","CZT 1033",0,6,5.01666666666667,"2015-12-07 16:00:49"
"11","FBV 4372",1323,0,65.05,"2015-12-08 08:01:31"
"12","FBV 4372",16059,0,40.0166666666667,"2015-12-07 16:05:50"
"13","FGZ 8612",8878,0,40.0333333333333,"2015-12-08 09:41:36"
"14","FGZ 8612",10861,0,50.0333333333333,"2015-12-08 08:21:32"
"15","FGZ 8612",3920,-43,30.0166666666667,"2015-12-08 05:41:25"
"16","FBV 4390",3064,3,45.0333333333333,"2015-12-08 07:51:31"
"17","FBV 4390",6121,-3,15.0166666666667,"2015-12-08 07:16:29"
"18","FBV 4390",54,0,5,"2015-12-08 01:31:14"
"19","FBV 4390",0,0,15,"2015-12-07 23:46:09"
"20","FBV 4390",6484,6,25.0166666666667,"2015-12-07 16:25:50"
"21","FBV 4438",2101,0,930.733333333333,"2015-12-07 19:15:55"
"22","FBV 4438",6674,0,50.0166666666667,"2015-12-07 18:10:53"
"23","FBV 4438",743,0,20.0166666666667,"2015-12-07 17:05:51"
"24","FHB 0248",5914,3,20.05,"2015-12-08 13:06:52"
"25","FHB 0248",6997,0,15,"2015-12-08 07:41:31"
"26","FHB 0248",13919,3,25.05,"2015-12-07 21:05:58"
"27","FHB 0248",6500,0,45.0166666666667,"2015-12-07 15:45:49"
"28","CSG 2238",19217,0,50.0333333333333,"2015-12-08 08:26:33"
"29","CSG 2238",23495,0,50.0333333333333,"2015-12-08 05:26:24"
"30","CSG 2238",0,0,5,"2015-12-07 15:30:49"
"31","FGZ 8806",0,0,55.0833333333333,"2015-12-08 11:51:46"
"32","FGZ 8806",1692,0,20.0333333333333,"2015-12-08 10:56:39"
"33","FGZ 8806",4930,0,20,"2015-12-07 19:10:55"
"34","FGZ 8806",1074,0,30.0166666666667,"2015-12-07 18:05:53"
"35","FBV 4430",0,0,5,"2015-12-08 01:46:14"
"36","FBV 4430",13278,0,25.0333333333333,"2015-12-08 00:36:10"
"37","FBV 4430",1793,0,15.0166666666667,"2015-12-07 22:21:05"
"38","FBV 4430",3562,0,15,"2015-12-07 21:56:05"
"39","FBV 4430",2771,0,20,"2015-12-07 17:20:52"
"40","FJC 9598",4888,0,25.0166666666667,"2015-12-08 09:51:36"
"41","FHB 0245",4947,0,10.0166666666667,"2015-12-08 10:11:37"
"42","CSF 9061",11437,3,25.05,"2015-12-08 12:56:51"
"43","CSF 9061",6372,0,25,"2015-12-07 19:50:56"
"44","CSF 9061",0,0,5.01666666666667,"2015-12-07 19:00:54"
"45","CSF 9061",2565,0,20,"2015-12-07 18:40:54"
"46","CYL 4640",3491,0,10,"2015-12-08 09:46:36"
"47","CYL 4640",2346,0,40.0333333333333,"2015-12-08 08:01:31"
"48","FGZ 8685",3977,0,30.0833333333333,"2015-12-08 11:16:41"
"49","FGZ 8685",22123,0,40.05,"2015-12-08 10:31:38"
"50","FHB 2842",4291,3,25.0166666666667,"2015-12-08 11:06:41"
"51","FHB 2842",2927,3,30.0166666666667,"2015-12-08 09:21:35"
"52","FHB 2842",0,0,20.0166666666667,"2015-12-08 07:51:31"
"53","FHB 2842",16565,0,30.0166666666667,"2015-12-07 16:25:50"
"54","FGZ 8611",24529,4,55.1,"2015-12-08 12:31:49"
"55","FGZ 8611",7853,0,30.0333333333333,"2015-12-08 11:46:46"
"56","FGZ 8611",2694,0,35.0333333333333,"2015-12-08 10:11:37"
"57","FGZ 8611",1606,-91,130.1,"2015-12-08 07:11:29"
"58","FGZ 8611",3071,3,20.0166666666667,"2015-12-07 16:30:50"
"59","FGZ 8687",2016,0,15.0166666666667,"2015-12-08 00:11:09"
"60","FGZ 8687",8500,0,45.0166666666667,"2015-12-07 18:40:54"
"61","FGZ 8687",4645,0,30.0166666666667,"2015-12-07 17:45:52"
"62","FBV 4370",17093,15,45.05,"2015-12-08 12:21:49"
"63","FBV 4370",3336,3,25.0166666666667,"2015-12-08 10:31:38"
"64","FBV 4370",4678,4,35.0333333333333,"2015-12-08 09:06:34"
"65","FBV 4370",1096,-10,25.0166666666667,"2015-12-07 22:41:06"
"66","FBV 4370",6286,6,50.0666666666667,"2015-12-07 21:36:01"
"67","FBV 4370",2108,0,20.0166666666667,"2015-12-07 18:20:53"
"68","FBV 4370",3640,0,30,"2015-12-07 15:20:49"
"69","FJC 9786",4636,0,50.0333333333333,"2015-12-08 08:11:32"
"70","FJC 9786",8617,0,20.0166666666667,"2015-12-07 21:51:04"
"71","FJC 9786",6120,0,40.0666666666667,"2015-12-07 20:50:57"
"72","FBV 4367",13220,3,20,"2015-12-08 09:16:35"
"73","FBV 4367",0,0,35.0166666666667,"2015-12-08 08:36:33"
"74","FBV 4367",2759,0,20.0333333333333,"2015-12-07 21:05:58"
"75","FBV 4367",766,3,30,"2015-12-07 19:40:56"
"76","FBV 4367",806,0,5,"2015-12-07 19:15:55"
"77","FBV 4367",5660,0,20.0166666666667,"2015-12-07 14:25:47"
"78","CK9 T264",2963,0,55.0833333333333,"2015-12-08 12:16:48"
"79","CK9 T264",1067,0,40.05,"2015-12-08 10:51:39"
"80","CK9 T264",3165,0,25.0166666666667,"2015-12-08 08:11:32"
"81","CK9 T264",2954,0,20,"2015-12-07 18:30:54"
"82","CK9 T264",3561,0,25,"2015-12-07 17:55:53"
"83","CK9 T264",3679,0,50.0166666666667,"2015-12-07 16:50:51"
"84","FHB 2825",2744,0,20,"2015-12-07 21:00:58"
"85","FHB 2825",1210,3,50.0166666666667,"2015-12-07 18:30:54"
"86","FHB 2825",1216,0,105.05,"2015-12-07 16:30:50"
"87","FHB 2825",1139,0,10.0166666666667,"2015-12-07 16:00:49"
"88","FHB 2825",2911,3,20,"2015-12-07 14:05:47"
"89","FHB 1679",15,0,55.0666666666667,"2015-12-08 11:36:45"
"90","FHB 1679",878,0,10,"2015-12-07 15:05:48"
"91","CZT 0933",10386,3,45.0166666666667,"2015-12-07 16:35:51"
"92","FHB 2844",2286,0,45.05,"2015-12-08 10:21:38"
"93","FHB 2844",6962,0,20.0166666666667,"2015-12-08 06:46:28"
"94","FHB 2844",2820,0,10.0166666666667,"2015-12-07 14:30:47"
"95","FBV 4425",5315,3,25.0333333333333,"2015-12-08 11:46:46"
"96","FBV 4425",1163,0,10.0166666666667,"2015-12-08 01:46:14"
"97","FBV 4425",2212,0,10,"2015-12-08 00:46:12"
"98","FBV 4425",6187,0,20.05,"2015-12-07 21:20:58"
"99","FBV 4425",3039,3,25.0166666666667,"2015-12-07 18:55:54"
"100","FBV 4425",3108,0,20.0166666666667,"2015-12-07 18:20:53"
"101","FHB 1676",4349,3,30.0333333333333,"2015-12-08 09:11:34"
"102","FHB 1676",4128,0,20.0166666666667,"2015-12-07 17:45:52"
"103","FHB 1676",3148,3,20.0166666666667,"2015-12-07 17:05:51"
"104","FHB 1676",2897,0,35.0166666666667,"2015-12-07 15:55:49"
"105","FHB 2833",13698,10,30.05,"2015-12-08 11:56:46"
"106","FGZ 8811",534,3,90.1666666666667,"2015-12-08 11:16:41"
"107","FGZ 8811",2474,0,45.05,"2015-12-08 09:56:36"
"108","FGZ 8811",3448,3,75.05,"2015-12-07 17:50:52"
"109","FGZ 8811",4349,6,40.0166666666667,"2015-12-07 16:25:50"
"110","FGZ 8811",1746,3,15,"2015-12-07 14:50:48"
"111","FGZ 9137",4029,3,10,"2015-12-07 19:50:56"
"112","FGZ 9137",33,3,65.0333333333333,"2015-12-07 18:35:54"
"113","FGZ 9137",2455,0,25.0166666666667,"2015-12-07 17:10:51"
"114","FGZ 9137",2614,4,35.0166666666667,"2015-12-07 15:15:48"
"115","FGZ 9137",77,0,20,"2015-12-07 14:10:47"
"116","CSF 8929",1974,0,15.0333333333333,"2015-12-08 13:06:52"
"117","CSF 8929",1699,0,20.0333333333333,"2015-12-08 12:16:48"
"118","CSF 8929",4218,0,25.0166666666667,"2015-12-08 09:21:35"
"119","CSF 8929",4662,0,20.0166666666667,"2015-12-07 23:16:08"
"120","CSF 8929",2374,0,25,"2015-12-07 16:40:51"
"121","FGZ 8617",1,0,5,"2015-12-08 01:16:13"
"122","FGZ 8621",12164,0,25.0166666666667,"2015-12-07 18:55:54"
"123","FGZ 8621",918,3,20,"2015-12-07 18:35:54"
"124","FHB 1328",5552,3,25,"2015-12-07 15:35:49"
"125","FGZ 8677",3949,0,20.0166666666667,"2015-12-07 20:15:56"
"126","FGZ 8677",5364,3,40.0166666666667,"2015-12-07 17:40:52"
"127","FHB 2830",3257,0,-10.0166666666667,"2015-12-07 19:45:56"
"128","FHB 2830",11677,6,100.033333333333,"2015-12-07 17:20:52"
"129","FHB 2830",5698,3,90.0333333333333,"2015-12-07 15:35:49"
"130","FGZ 8679",1700,-73,155.116666666667,"2015-12-08 07:51:31"
"131","CZT 1028",2247,0,30.0166666666667,"2015-12-08 09:01:34"
"132","FBV 4472",4704,3,20.0166666666667,"2015-12-08 08:41:33"
"133","FBV 4472",3174,0,20.0166666666667,"2015-12-08 08:11:32"
"134","CZT 0996",519,3,105.183333333333,"2015-12-08 11:31:42"
"135","CZT 0996",10835,3,35.0166666666667,"2015-12-08 09:21:35"
"136","CSF 9062",2011,0,40.0166666666667,"2015-12-08 07:41:31"
"137","CSF 9062",2450,3,40.0333333333333,"2015-12-07 16:00:49"
"138","FGZ 8801",10896,3,20.0166666666667,"2015-12-08 08:56:34"
"139","FGZ 8801",2172,0,15.0166666666667,"2015-12-07 19:30:55"
"140","FGZ 8627",4598,3,40.0333333333333,"2015-12-08 07:36:30"
"141","FGZ 8627",1104,0,10,"2015-12-08 06:41:28"
"142","FGZ 8627",9870,3,55.0333333333333,"2015-12-08 05:01:23"
"143","FGZ 8627",6307,0,35,"2015-12-07 16:40:51"
"144","FGZ 8613",3057,0,15,"2015-12-08 08:56:34"
"145","FGZ 8613",2927,0,25.0166666666667,"2015-12-07 17:50:52"
"146","FGZ 8613",816,0,25,"2015-12-07 17:25:52"
"147","CZS 9744",945,0,10.0333333333333,"2015-12-08 10:56:39"
"148","CZS 9744",5670,3,15.0166666666667,"2015-12-08 09:11:34"
"149","CZS 9744",7110,0,25,"2015-12-07 23:31:09"
"150","CZS 9744",869,0,10,"2015-12-07 18:05:53"
"151","FBV 4380",6772,3,45.0833333333333,"2015-12-08 12:01:46"
"152","FBV 4380",1809,0,40.0333333333333,"2015-12-08 08:36:33"
"153","FBV 4380",3868,0,15.0166666666667,"2015-12-07 23:16:08"
"154","FBV 4380",131,3,75.0333333333333,"2015-12-07 18:05:53"
"155","FBV 4380",3760,0,15,"2015-12-07 17:00:51"
"156","FHB 2855",1456,0,15.0166666666667,"2015-12-08 10:06:37"
"157","FHB 2855",1827,0,40.0166666666667,"2015-12-07 19:05:55"
"158","FHB 2855",1606,0,40.0333333333333,"2015-12-07 17:50:52"
"159","CZT 0917",316,3,30.0166666666667,"2015-12-07 18:05:53"
"160","FBV 4475",1755,0,15.0166666666667,"2015-12-08 07:56:31"
"161","FBV 4475",4105,0,35.0333333333333,"2015-12-08 02:11:15"
"162","CZT 1031",4154,0,20,"2015-12-07 19:45:56"
"163","CZT 1031",2763,0,45.0166666666667,"2015-12-07 18:35:54"
"164","CZT 1031",1036,0,10,"2015-12-07 16:55:51"
"165","FJC 9932",2506,3,25.0166666666667,"2015-12-08 09:41:36"
"166","FJC 9932",1196,6,105.066666666667,"2015-12-08 07:41:31"
"167","FJC 9932",1364,0,10,"2015-12-07 18:45:54"
"168","FJC 9932",3525,3,20.0166666666667,"2015-12-07 17:15:51"
"169","CK9 T292",400,3,105.05,"2015-12-07 19:00:54"
"170","CK9 T292",8873,0,30.0166666666667,"2015-12-07 17:45:52"
"171","FHB 2859",4950,0,255.116666666667,"2015-12-07 15:05:48"
"172","CYL 4638",11406,0,65.05,"2015-12-08 08:01:31"
"173","CYL 4638",3873,0,50.0333333333333,"2015-12-07 17:05:51"
"174","CZS 9746",3728,3,25.0333333333333,"2015-12-08 12:41:50"
"175","CZS 9746",3898,3,140.116666666667,"2015-12-08 09:01:34"
"176","CZS 9746",2847,0,35.0333333333333,"2015-12-08 08:21:32"
"177","CZS 9746",735,0,15.0166666666667,"2015-12-07 15:50:49"
"178","CZS 9746",3593,3,20,"2015-12-07 14:05:47"
"179","CK9 T267",5568,0,60.0333333333333,"2015-12-07 22:46:07"
"180","FHB 2840",698,0,20.0333333333333,"2015-12-08 13:11:53"
"181","FHB 2840",1656,0,25,"2015-12-07 19:05:55"
"182","FHB 2840",7001,3,30.0166666666667,"2015-12-07 18:10:53"
"183","FHB 2840",1596,0,10,"2015-12-07 17:20:52"
"184","FHB 2840",1660,0,10,"2015-12-07 16:55:51"
"185","FHB 2840",0,0,5,"2015-12-07 16:10:50"
"186","FHB 2840",7712,3,25,"2015-12-07 14:50:48"
"187","FHB 2840",1539,0,45.0333333333333,"2015-12-07 13:50:46"
"188","FGZ 8689",5346,0,20.0166666666667,"2015-12-08 12:21:49"
"189","FGZ 8689",0,0,135.2,"2015-12-08 10:06:37"
"190","FGZ 8689",4979,3,40.0333333333333,"2015-12-08 08:01:31"
"191","FGZ 8689",4232,0,30.0166666666667,"2015-12-07 17:40:52"
"192","FGZ 8689",2306,3,20.0166666666667,"2015-12-07 17:15:51"
"193","FGZ 8689",998,3,80.0333333333333,"2015-12-07 15:25:49"
"194","FGZ 8689",952,0,15,"2015-12-07 14:15:47"
"195","FGZ 8689",2295,3,25.0166666666667,"2015-12-07 13:50:46"
"196","CSF 9072",3904,3,30.0333333333333,"2015-12-08 07:36:30"
"197","FHB 1334",4249,0,20.0166666666667,"2015-12-08 10:11:37"
"198","FHB 1334",14405,0,40.0333333333333,"2015-12-07 23:01:07"
"199","FHB 1334",8980,0,30.0166666666667,"2015-12-07 19:10:55"
"200","FHB 1334",2627,0,45.0166666666667,"2015-12-07 17:35:52"
"201","FJC 9930",3624,0,30.05,"2015-12-08 12:51:51"
"202","FJC 9930",3724,0,15.0166666666667,"2015-12-08 08:46:33"
"203","FJC 9930",6207,3,40.0166666666667,"2015-12-07 18:20:53"
"204","FJC 9930",3033,9,65.0333333333333,"2015-12-07 16:25:50"
"205","FJC 9930",2765,3,15.0166666666667,"2015-12-07 15:05:48"
"206","FHB 2898",3272,0,40.05,"2015-12-08 12:16:48"
"207","FHB 2898",4573,0,45.05,"2015-12-08 10:26:38"
"208","FHB 2898",2233,3,15.0166666666667,"2015-12-08 09:31:35"
"209","FHB 2898",18162,0,30.0166666666667,"2015-12-08 07:06:29"
"210","FHB 2898",1429,0,30.0166666666667,"2015-12-07 23:11:08"
"211","FHB 2898",4228,3,50.0333333333333,"2015-12-07 17:15:51"
"212","FHB 2898",866,3,10,"2015-12-07 13:40:46"
"213","FFD 7841",3309,0,35.0333333333333,"2015-12-08 00:06:09"
"214","FFD 7841",5206,3,30.0166666666667,"2015-12-07 18:10:53"
"215","FGZ 8804",4398,0,15.0166666666667,"2015-12-08 10:16:37"
"216","FGZ 8804",3205,0,45.0166666666667,"2015-12-07 17:40:52"
"217","FGZ 8804",1294,0,15,"2015-12-07 14:50:48"
"218","FBV 4382",5921,0,35.0166666666667,"2015-12-08 09:21:35"
"219","FHB 0243",4153,3,30.0333333333333,"2015-12-08 10:51:39"
"220","FHB 0243",3981,0,30.0166666666667,"2015-12-07 18:25:53"
"221","CSG 1542",9129,0,35.0166666666667,"2015-12-08 09:21:35"
"222","CSG 1542",5924,3,35.0166666666667,"2015-12-07 18:35:54"
"223","CSG 1542",7191,0,25.0166666666667,"2015-12-07 16:15:50"
"224","CSG 1542",7240,3,35.0166666666667,"2015-12-07 15:15:48"
"225","CSG 1542",3904,0,10,"2015-12-07 14:15:47"
"226","FGZ 8809",6671,0,30.0166666666667,"2015-12-07 19:20:55"
"227","FHB 1332",5558,0,20.05,"2015-12-08 13:06:52"
"228","FHB 1332",5639,0,30.0166666666667,"2015-12-08 10:06:37"
"229","FHB 1332",1121,0,10,"2015-12-07 15:40:49"
"230","FHB 1332",948,3,25.0166666666667,"2015-12-07 14:30:47"
"231","FJD 0194",5447,0,15.0166666666667,"2015-12-08 09:11:34"
"232","FJD 0194",5316,0,35.0166666666667,"2015-12-07 21:56:05"
"233","FJD 0194",72,0,15.05,"2015-12-07 21:36:01"
"234","FJD 0194",0,0,5,"2015-12-07 20:40:57"
"235","FJD 0194",4600,0,260.116666666667,"2015-12-07 16:20:50"
"236","FJD 0193",1624,3,25.0166666666667,"2015-12-08 09:06:34"
"237","FBV 4470",770,0,30.0666666666667,"2015-12-08 11:26:42"
"238","FBV 4470",3391,0,15.0166666666667,"2015-12-08 08:41:33"
"239","FBV 4470",591,0,40.0166666666667,"2015-12-07 19:15:55"
"240","FBV 4470",649,0,5,"2015-12-07 13:55:47"
"241","FHB 1331",3135,3,15.0166666666667,"2015-12-08 09:46:36"
"242","FHB 1331",3673,0,35.0333333333333,"2015-12-08 07:16:29"
"243","FHB 1331",11083,0,25.0333333333333,"2015-12-08 06:36:27"
"244","FHB 1331",11244,6,85.05,"2015-12-07 17:10:51"
"245","FBV 4371",3674,3,25.0333333333333,"2015-12-08 12:31:49"
"246","FBV 4371",4564,0,40.0333333333333,"2015-12-08 09:21:35"
"247","FBV 4371",4367,0,15,"2015-12-07 19:20:55"
"248","FBV 4371",5673,3,15.0166666666667,"2015-12-07 18:50:54"
"249","FBV 4371",4136,3,30.0166666666667,"2015-12-07 18:20:53"
"250","FBV 4371",11188,3,50.0166666666667,"2015-12-07 17:20:52"
"251","CZS 9745",1203,0,10.0166666666667,"2015-12-08 12:16:48"
"252","FGZ 9139",3234,3,20.0333333333333,"2015-12-08 13:01:52"
"253","FGZ 9139",12931,0,25,"2015-12-07 23:46:09"
"254","FGZ 9139",16622,3,35.0333333333333,"2015-12-07 20:30:56"
"255","FGZ 9139",15673,0,30.0166666666667,"2015-12-07 15:45:49"
"256","CZT 0921",3889,0,20.0166666666667,"2015-12-08 11:36:45"
"257","CZT 1027",4786,0,15,"2015-12-08 06:41:28"
"258","CZT 1027",2114,3,15.0166666666667,"2015-12-08 06:06:26"
"259","CZT 1027",3436,0,15,"2015-12-07 14:40:48"
"260","FJC 9937",4427,3,30,"2015-12-07 18:30:54"
"261","FJC 9937",3144,0,30.0166666666667,"2015-12-07 18:00:53"
"262","FJC 9937",2192,0,30.0166666666667,"2015-12-07 17:25:52"
"263","FGZ 8625",1578,3,65.1,"2015-12-08 12:21:49"
"264","FGZ 8625",5748,0,15.0166666666667,"2015-12-08 08:11:32"
"265","FGZ 8625",9929,3,30.0166666666667,"2015-12-08 03:21:18"
"266","FGZ 8625",2667,0,20,"2015-12-07 19:50:56"
"267","FGZ 8625",7494,6,25.0166666666667,"2015-12-07 19:25:55"
"268","FGZ 8625",3428,0,25.0166666666667,"2015-12-07 18:05:53"
"269","FGZ 8625",0,0,5,"2015-12-07 15:20:49"
"270","FGZ 8625",3884,3,30,"2015-12-07 14:35:48"
"271","CZT 0916",165,3,25,"2015-12-07 14:40:48"
"272","FBV 4492",965,3,105.166666666667,"2015-12-08 11:06:41"
"273","FBV 4492",3358,0,35.0166666666667,"2015-12-08 08:11:32"
"274","FBV 4492",1952,0,15.0166666666667,"2015-12-08 07:56:31"
"275","FBV 4492",3533,3,40.0333333333333,"2015-12-08 06:21:27"
"276","FBV 4492",4008,0,30.0166666666667,"2015-12-07 15:15:48"
"277","FHB 2854",6628,0,15,"2015-12-08 10:01:37"
"278","CZT 1029",2785,0,25.05,"2015-12-08 12:01:46"
"279","CZT 1029",2494,3,15.0166666666667,"2015-12-07 23:26:08"
"280","CZT 1029",462,0,15,"2015-12-07 23:11:08"
"281","FBV 4427",2570,3,35.0333333333333,"2015-12-08 07:51:31"
"282","FBV 4427",227,0,120.05,"2015-12-07 18:50:54"
"283","FBV 4427",7561,12,90.05,"2015-12-07 13:50:46"
"284","FHB 1329",6201,3,15.0333333333333,"2015-12-08 11:56:46"
"285","FHB 1329",7379,0,20.0166666666667,"2015-12-08 06:16:26"
"286","FHB 1329",2976,0,20.0166666666667,"2015-12-07 18:20:53"
"287","FHB 1329",2369,3,10,"2015-12-07 18:05:53"
"288","CZT 0995",4508,0,45.0333333333333,"2015-12-07 17:15:51"
"289","FBV 4467",2489,0,25.0166666666667,"2015-12-08 09:51:36"
"290","FBV 4467",5177,0,15,"2015-12-08 09:21:35"
"291","FBV 4467",2360,0,30.0166666666667,"2015-12-07 17:50:52"
"292","CSF 9066",7802,0,45.0333333333333,"2015-12-08 09:16:35"
"293","CSF 9066",3987,3,25.0166666666667,"2015-12-08 08:41:33"
"294","CSF 9066",6157,0,25,"2015-12-08 05:06:24"
"295","CSF 9066",87,0,20.0166666666667,"2015-12-07 18:10:53"
"296","CSF 9066",6899,3,60.0333333333333,"2015-12-07 17:00:51"
"297","CSF 9066",2403,0,15,"2015-12-07 14:45:48"
"298","CSF 9066",1654,3,15.0166666666667,"2015-12-07 14:30:47"
"299","FHB 2870",0,0,55.1166666666667,"2015-12-08 11:21:41"
"300","FHB 2870",998,0,15,"2015-12-07 17:00:51"
"301","FHB 2870",6120,3,25.0166666666667,"2015-12-07 14:30:47"
"302","CYL 4626",4637,3,25.0166666666667,"2015-12-07 17:45:52"
"303","CK9 T246",74,0,10.0166666666667,"2015-12-08 13:01:52"
"304","CK9 T246",12213,0,45.0166666666667,"2015-12-07 17:30:52"
"305","CK9 T246",2418,0,30,"2015-12-07 16:35:51"
"306","FHB 2839",9242,0,30.05,"2015-12-08 12:41:50"
"307","FHB 2839",8119,3,15.0333333333333,"2015-12-08 10:51:39"
"308","FHB 2839",6576,3,30.0166666666667,"2015-12-08 08:41:33"
"309","FBV 4393",4756,3,30.0166666666667,"2015-12-07 16:25:50"
"310","FBV 4393",471,0,55.0333333333333,"2015-12-07 15:10:48"
"311","CSF 8925",0,0,15.0166666666667,"2015-12-08 07:51:31"
"312","CSF 8925",3277,0,25.0333333333333,"2015-12-07 22:26:05"
"313","CSF 8925",7389,0,35.1,"2015-12-07 21:15:58"
"314","CSF 8925",7687,0,25.0166666666667,"2015-12-07 20:25:56"
"315","CSF 8925",4901,0,30.0166666666667,"2015-12-07 16:50:51"
"316","CSF 9064",700,0,65.0166666666667,"2015-12-07 16:40:51"
"317","FGZ 8810",5640,0,30.0166666666667,"2015-12-08 09:06:34"
"318","FGZ 8810",4229,0,35.0166666666667,"2015-12-08 01:16:13"
"319","FGZ 8810",3396,0,20.0166666666667,"2015-12-07 17:00:51"
"320","FGZ 8615",0,0,15.0166666666667,"2015-12-08 07:56:31"
"321","FGZ 8615",3853,3,25,"2015-12-07 17:20:52"
"322","CSG 1543",2601,3,15.0166666666667,"2015-12-08 10:26:38"
"323","CSG 1543",1076,0,20.0166666666667,"2015-12-08 09:51:36"
"324","CSG 1543",2843,0,50.0333333333333,"2015-12-08 07:11:29"
"325","CSG 1543",2962,3,55.05,"2015-12-07 22:26:05"
"326","CSG 1543",3385,0,25.0166666666667,"2015-12-07 20:40:57"
"327","CSG 1543",1237,0,10,"2015-12-07 14:10:47"
"328","FBV 4368",1170,0,30.05,"2015-12-08 12:06:47"
"329","FBV 4368",5454,3,20,"2015-12-08 11:41:46"
"330","FBV 4368",4212,0,50.0333333333333,"2015-12-08 08:21:32"
"331","FBV 4368",6056,3,25,"2015-12-07 20:00:56"
"332","FBV 4368",6517,4,45.0166666666667,"2015-12-07 14:55:48"
"333","CZT 0935",3479,3,20.0166666666667,"2015-12-08 12:21:49"
"334","CZT 0935",3052,0,15,"2015-12-08 08:06:32"
"335","CZT 0935",2659,0,15.0166666666667,"2015-12-08 06:46:28"
"336","CZT 0935",2563,3,40.0666666666667,"2015-12-07 21:36:01"
"337","CZT 0935",1078,0,20,"2015-12-07 20:00:56"
"338","CZT 0935",6868,0,20.0166666666667,"2015-12-07 18:55:54"
"339","FBV 4431",0,0,25.0166666666667,"2015-12-08 08:51:34"
"340","FBV 4360",3636,0,15.0166666666667,"2015-12-08 12:11:48"
"341","FBV 4360",3726,0,10.0333333333333,"2015-12-08 10:51:39"
"342","CZS 9749",1,3,50.0666666666667,"2015-12-08 11:46:46"
"343","CZS 9749",3516,6,50.05,"2015-12-08 10:26:38"
"344","CZS 9749",1741,0,30.0333333333333,"2015-12-08 09:31:35"
"345","CZS 9749",5621,0,45.0333333333333,"2015-12-08 08:36:33"
"346","CZS 9749",4342,3,35.0166666666667,"2015-12-07 19:30:55"
"347","CZS 9749",961,0,10,"2015-12-07 18:00:53"
"348","CZS 9749",2515,0,15.0166666666667,"2015-12-07 15:50:49"
"349","CZS 9749",1827,0,10,"2015-12-07 14:35:48"
"350","FBV 4429",8391,3,45.0166666666667,"2015-12-07 17:40:52"
"351","FBV 4436",3026,3,70.05,"2015-12-08 09:26:35"
"352","FBV 4436",3305,3,25.0166666666667,"2015-12-07 19:00:54"
"353","FGZ 8846",3229,3,30.0166666666667,"2015-12-08 08:36:33"
"354","FGZ 8846",5882,0,50.0333333333333,"2015-12-08 04:26:22"
"355","FGZ 8846",2431,3,50.0166666666667,"2015-12-07 14:55:48"
"356","CSG 2236",2845,0,15,"2015-12-08 09:41:36"
"357","CSG 2236",2763,0,15.0166666666667,"2015-12-08 07:56:31"
"358","CSG 2236",5286,4,15.0166666666667,"2015-12-08 06:26:27"
"359","CSG 2236",0,0,10.0166666666667,"2015-12-07 23:01:07"
"360","CSG 2236",3599,0,25.0166666666667,"2015-12-07 18:25:53"
"361","CSG 2236",2875,0,90.05,"2015-12-07 15:05:48"
"362","FBV 4369",3759,0,25.0166666666667,"2015-12-08 09:21:35"
"363","FBV 4369",2003,3,10.0166666666667,"2015-12-07 17:15:51"
"364","FBV 4369",1393,3,45.0166666666667,"2015-12-07 14:15:47"
"365","FBV 4423",190,0,15,"2015-12-08 01:31:14"
"366","FBV 4423",5707,3,30.0833333333333,"2015-12-07 21:26:00"
"367","FBV 4487",3879,3,15.0166666666667,"2015-12-08 08:16:32"
"368","FBV 4487",1356,0,30.0166666666667,"2015-12-08 06:26:27"
"369","FBV 4487",1330,0,10.0166666666667,"2015-12-08 06:16:26"
"370","FBV 4487",739,0,5,"2015-12-07 17:45:52"
"371","FBV 4487",317,0,5,"2015-12-07 17:00:51"
"372","FGZ 8800",5666,0,25,"2015-12-07 22:01:05"
"373","FGZ 8800",1865,0,15,"2015-12-07 20:00:56"
"374","FGZ 8800",2097,0,20,"2015-12-07 18:05:53"
"375","FHB 2827",2016,-67,20.0833333333333,"2015-12-08 11:21:41"
"376","FHB 2827",0,0,5,"2015-12-08 11:16:41"
"377","FJC 9926",5531,0,50.0666666666667,"2015-12-08 10:16:37"
"378","FJC 9926",1511,0,15.0166666666667,"2015-12-07 23:06:07"
"379","FJC 9926",8818,3,25,"2015-12-07 17:25:52"
"380","FJC 9926",7886,0,20,"2015-12-07 15:40:49"
"381","CYL 4629",10263,0,35.0166666666667,"2015-12-07 20:35:57"
"382","CYL 4629",643,6,40,"2015-12-07 19:50:56"
"383","CYL 4629",1694,0,20.0166666666667,"2015-12-07 18:10:53"
"384","FBV 4364",9102,3,30.0666666666667,"2015-12-08 11:26:42"
"385","FBV 4364",6364,3,45.0333333333333,"2015-12-08 07:16:29"
"386","FBV 4364",6135,3,30.0333333333333,"2015-12-08 00:36:10"
"387","FBV 4364",5890,3,45.0666666666667,"2015-12-07 21:31:01"
"388","FBV 4364",2553,3,15,"2015-12-07 18:00:53"
"389","FBV 4364",2382,0,15.0166666666667,"2015-12-07 17:40:52"
"390","FBV 4364",2372,3,50.0166666666667,"2015-12-07 16:40:51"
"391","FFD 7840",17454,0,80.0666666666667,"2015-12-08 06:26:27"
"392","FFD 7840",5652,0,35.0166666666667,"2015-12-07 18:00:53"
"393","FFD 7840",2860,0,35.0166666666667,"2015-12-07 17:15:51"
"394","CZT 0919",2247,0,35.0333333333333,"2015-12-08 10:41:39"
"395","CZT 0919",9085,3,20.0166666666667,"2015-12-08 10:01:37"
"396","FHB 2863",5794,0,15.0333333333333,"2015-12-08 10:56:39"
"397","FHB 2863",4839,3,30.0166666666667,"2015-12-07 17:10:51"
"398","FHB 2860",2468,0,40.0333333333333,"2015-12-08 08:11:32"
"399","FHB 2860",1695,3,25.0166666666667,"2015-12-07 22:06:05"
"400","CZT 1026",3447,0,40.0333333333333,"2015-12-08 09:51:36"
"401","CSG 1099",3802,0,20.05,"2015-12-08 12:01:46"
"402","CSG 1099",6593,3,25.0166666666667,"2015-12-08 07:41:31"
"403","FHB 0246",9870,0,45.0333333333333,"2015-12-08 07:11:29"
"404","FHB 0246",6371,3,25.0166666666667,"2015-12-07 20:40:57"
"405","FHB 0246",2479,3,20,"2015-12-07 19:55:56"
"406","FGZ 8803",9097,0,50.05,"2015-12-08 10:26:38"
"407","FGZ 8803",4455,3,55.0333333333333,"2015-12-08 08:16:32"
"408","FGZ 8803",1865,0,25.0166666666667,"2015-12-07 19:30:55"
"409","FGZ 8803",5441,3,50.0333333333333,"2015-12-07 17:40:52"
"410","FBV 4359",4198,3,30.05,"2015-12-08 13:01:52"
"411","FBV 4359",6656,0,25.0166666666667,"2015-12-08 09:01:34"
"412","FBV 4359",3087,3,15.0166666666667,"2015-12-08 08:46:33"
"413","FBV 4359",3111,0,30,"2015-12-07 17:55:53"
"414","FBV 4359",463,3,5,"2015-12-07 17:20:52"
"415","FBV 4359",2741,0,40,"2015-12-07 16:35:51"
"416","FHB 2858",887,0,15.0333333333333,"2015-12-08 11:56:46"
"417","FHB 2858",7744,0,30.0166666666667,"2015-12-08 08:36:33"
"418","GGG 3722",3841,0,20.0333333333333,"2015-12-08 10:56:39"
"419","GGG 3722",6563,3,30.0333333333333,"2015-12-08 08:21:32"
"420","GGG 3722",7885,0,30.0166666666667,"2015-12-08 01:41:14"
"421","GGG 3722",7505,3,35.0166666666667,"2015-12-07 20:10:56"
"422","FFD 6224",7244,0,35.0666666666667,"2015-12-08 12:51:51"
"423","FFD 6224",3153,-85,40.0166666666667,"2015-12-08 08:56:34"
"424","FFD 6224",4424,3,25.0166666666667,"2015-12-08 07:36:30"
"425","FFD 6224",4703,0,25.0166666666667,"2015-12-07 19:00:54"
"426","FFD 6224",3882,0,20,"2015-12-07 18:35:54"
"427","FFD 6224",4590,3,45.0166666666667,"2015-12-07 17:00:51"
"428","FFD 6224",15,0,5,"2015-12-07 16:45:51"
"429","FFD 6224",5521,3,25,"2015-12-07 16:05:50"
"430","CK9 T255",5562,4,35.05,"2015-12-08 12:26:49"
"431","CK9 T255",849,0,10,"2015-12-07 21:00:58"
"432","CK9 T255",760,0,20,"2015-12-07 20:05:56"
"433","CK9 T255",5063,0,25.0166666666667,"2015-12-07 18:05:53"
"434","CK9 T255",5085,0,30.0166666666667,"2015-12-07 16:55:51"
"435","CK9 T255",4434,0,25.0166666666667,"2015-12-07 16:25:50"
"436","FGZ 8813",2597,0,10,"2015-12-08 07:51:31"
"437","FGZ 8813",7560,3,15.0166666666667,"2015-12-08 00:11:09"
"438","FGZ 8813",1273,12,280.116666666667,"2015-12-07 14:15:47"
"439","FHB 2862",4434,0,20.0166666666667,"2015-12-08 12:21:49"
"440","FHB 2862",0,0,15.0166666666667,"2015-12-08 10:31:38"
"441","FHB 2862",0,3,45.0166666666667,"2015-12-08 08:26:33"
"442","FHB 2862",4626,3,20,"2015-12-07 14:55:48"
"443","FBV 4439",0,0,30.0166666666667,"2015-12-08 00:56:12"
"444","FBV 4439",4396,0,45.0166666666667,"2015-12-07 18:35:54"
"445","FGZ 8812",4909,3,65.0333333333333,"2015-12-08 08:06:32"
"446","FGZ 8812",132,3,50.1,"2015-12-07 21:00:58"
"447","FGZ 8812",7558,3,55.0166666666667,"2015-12-07 16:50:51"
"448","FGZ 8812",6043,0,20.0166666666667,"2015-12-07 16:30:50"
"449","FHB 2845",5164,0,20.0166666666667,"2015-12-07 17:50:52"
"450","FJC 9779",5503,0,20.0166666666667,"2015-12-08 09:36:35"
"451","FJC 9779",5318,3,45.0333333333333,"2015-12-07 17:45:52"
"452","FJC 9779",372,3,45.0333333333333,"2015-12-07 15:50:49"
"453","FJC 9936",2512,0,40.05,"2015-12-08 10:46:39"
"454","FBV 4437",5487,0,45.0666666666667,"2015-12-08 12:06:47"
"455","FHB 0247",0,0,5,"2015-12-08 08:16:32"
"456","FHB 0247",0,0,20.0166666666667,"2015-12-08 07:51:31"
"457","CZS 9754",4471,3,20.0166666666667,"2015-12-08 08:36:33"
"458","CZS 9754",1458,0,25.0166666666667,"2015-12-08 07:26:30"
"459","CZS 9754",5316,6,20.0166666666667,"2015-12-07 22:36:06"
"460","FJC 9935",10488,3,35.0166666666667,"2015-12-07 23:56:09"
"461","FJC 9935",3261,0,20.0166666666667,"2015-12-07 21:51:04"
"462","FJC 9935",1616,3,30.0166666666667,"2015-12-07 18:50:54"
"463","FJC 9935",1417,0,40.0333333333333,"2015-12-07 16:00:49"
"464","FJC 9938",4805,3,15.0666666666667,"2015-12-08 11:21:41"
"465","FJC 9938",4953,0,20.0166666666667,"2015-12-08 10:21:38"
"466","FJC 9938",4498,3,15.0166666666667,"2015-12-08 05:51:25"
"467","FJC 9938",4968,3,25,"2015-12-07 18:30:54"
"468","FJC 9938",2870,0,25.0166666666667,"2015-12-07 15:50:49"
"469","FHB 0205",1688,0,20.0333333333333,"2015-12-08 10:56:39"
"470","FHB 0205",282,3,25.0166666666667,"2015-12-08 10:11:37"
"471","FHB 0205",9177,0,30.0333333333333,"2015-12-08 09:31:35"
"472","FHB 0205",9477,3,20.0666666666667,"2015-12-07 21:26:00"
"473","FHB 0205",8170,0,25.0333333333333,"2015-12-07 20:30:56"
"474","FHB 0205",7031,3,35.0166666666667,"2015-12-07 19:35:55"
"475","FHB 0205",6922,0,35.0166666666667,"2015-12-07 17:40:52"
"476","FHB 0205",4729,3,45.0166666666667,"2015-12-07 16:35:51"
"477","FHB 0205",4942,0,15,"2015-12-07 14:45:48"
"478","CZS 9752",656,3,185.233333333333,"2015-12-08 09:21:35"
"479","CZS 9752",973,3,30.0166666666667,"2015-12-08 07:26:30"
"480","CZS 9752",730,0,35.0166666666667,"2015-12-07 18:15:53"
"481","CZS 9752",5770,3,25,"2015-12-07 17:25:52"
"482","FHB 2834",3237,-70,330.4,"2015-12-08 08:01:31"
"483","FHB 2834",3043,3,20,"2015-12-07 18:35:54"
"484","FHB 1333",13697,0,60.0333333333333,"2015-12-08 08:11:32"
"485","GGG 3721",3242,0,1045.81666666667,"2015-12-07 17:45:52"
"486","FJC 9790",4321,3,20.0333333333333,"2015-12-08 12:56:51"
"487","FJC 9790",4439,0,15.0166666666667,"2015-12-08 12:36:50"
"488","FJC 9790",7241,3,25.0166666666667,"2015-12-08 07:31:30"
"489","FJC 9790",5438,0,25.0166666666667,"2015-12-08 01:51:14"
"490","FJC 9790",1800,0,10,"2015-12-07 21:00:58"
"491","FJC 9790",4329,0,20.0166666666667,"2015-12-07 18:55:54"
"492","FJC 9790",3625,3,30.0166666666667,"2015-12-07 18:00:53"
"493","FBV 4377",3430,0,35.0166666666667,"2015-12-08 07:46:31"
"494","FBV 4377",5507,0,25.0166666666667,"2015-12-08 00:16:10"
"495","FBV 4377",2446,0,30.0166666666667,"2015-12-07 17:10:51"
"496","FBV 4388",5130,3,20,"2015-12-08 11:01:41"
"497","FBV 4388",3602,0,30.0166666666667,"2015-12-07 17:00:51"
"498","FBV 4433",8900,3,20.0166666666667,"2015-12-08 00:11:09"
"499","FBV 4433",6115,3,40.0333333333333,"2015-12-07 22:36:06"
"500","FBV 4433",5360,3,20.0166666666667,"2015-12-07 19:00:54"
"501","FBV 4433",3524,3,20,"2015-12-07 18:40:54"
"502","FBV 4433",1134,0,10,"2015-12-07 16:20:50"
"503","FBV 4433",1141,0,35.0166666666667,"2015-12-07 15:40:49"
"504","FBV 4433",4840,3,20.0166666666667,"2015-12-07 14:25:47"
"505","FGZ 8628",1241,0,20.0333333333333,"2015-12-08 12:26:49"
"506","FGZ 8628",4731,3,25.0166666666667,"2015-12-08 09:11:34"
"507","FHB 2846",13043,3,15.0166666666667,"2015-12-08 12:51:51"
"508","FHB 2846",7499,0,20,"2015-12-08 11:41:46"
"509","FHB 2846",9411,3,55.0333333333333,"2015-12-08 08:56:34"
"510","FHB 2846",0,3,35.05,"2015-12-08 03:41:19"
"511","FHB 2846",9260,3,30.0166666666667,"2015-12-08 03:11:18"
"512","FHB 2846",4381,0,20.0166666666667,"2015-12-08 02:01:15"
"513","FHB 2846",3148,3,15.0166666666667,"2015-12-07 22:16:05"
"514","CSF 9197",3686,0,40.05,"2015-12-08 10:46:39"
"515","CSF 9197",2547,9,130.1,"2015-12-08 08:31:33"
"516","CSF 9197",7640,9,55.05,"2015-12-08 07:36:30"
"517","FBV 4387",3484,0,15.0166666666667,"2015-12-08 11:51:46"
"518","FBV 4387",3929,3,25,"2015-12-07 18:35:54"
"519","FBV 4387",2161,3,20.0166666666667,"2015-12-07 17:45:52"
"520","FBV 4387",8680,6,50.0166666666667,"2015-12-07 15:25:49"
"521","CZT 0936",3649,0,20.0166666666667,"2015-12-07 15:00:48"
"522","FBV 4435",0,0,20.0166666666667,"2015-12-08 07:51:31"
"523","FHB 2861",1892,0,20.0166666666667,"2015-12-08 12:11:48"
"524","FHB 2861",4884,0,20.0166666666667,"2015-12-07 23:26:08"
"525","FHB 2861",5565,3,30.0333333333333,"2015-12-07 20:25:56"
"526","FHB 2861",1444,0,25.0166666666667,"2015-12-07 17:50:52"
"527","FBV 4389",3186,0,45.0333333333333,"2015-12-08 08:21:32"
"528","FBV 4389",2597,0,20.0166666666667,"2015-12-07 18:25:53"
"529","FBV 4389",2623,0,20.0166666666667,"2015-12-07 17:35:52"
"530","FBV 4389",3832,0,25.0166666666667,"2015-12-07 15:50:49"
"531","FBV 4389",4076,0,30.0166666666667,"2015-12-07 15:15:48"
"532","FBV 4389",6322,0,25,"2015-12-07 14:45:48"
"533","FBV 4385",4972,0,30.0333333333333,"2015-12-08 08:46:33"
"534","FBV 4385",5970,0,30.0333333333333,"2015-12-08 07:56:31"
"535","FBV 4385",2944,0,15.0333333333333,"2015-12-07 21:10:58"
"536","FBV 4357",4294,0,15.0166666666667,"2015-12-08 11:16:41"
"537","FBV 4357",6721,3,45.0166666666667,"2015-12-07 19:55:56"
"538","FBV 4357",3092,0,35.0166666666667,"2015-12-07 18:40:54"
"539","FBV 4357",4966,3,20.0166666666667,"2015-12-07 15:50:49"
"540","FBV 4357",5130,0,20,"2015-12-07 14:00:47"
"541","FBV 4493",12105,0,35.0333333333333,"2015-12-08 07:51:31"
"542","FBV 4493",6555,3,25.0166666666667,"2015-12-07 17:35:52"
"543","FBV 4493",6520,3,20,"2015-12-07 14:50:48"
"544","FHB 1336",3365,3,20,"2015-12-07 14:55:48"
"545","CSF 8931",4616,0,30.0166666666667,"2015-12-07 16:55:51"
"546","CSF 9195",10579,0,30.0333333333333,"2015-12-08 09:51:36"
"547","CSF 9195",18947,3,35.0166666666667,"2015-12-08 08:56:34"
"548","CSF 9195",283,0,45.0166666666667,"2015-12-07 20:05:56"
"549","FJC 9934",7863,0,50.0333333333333,"2015-12-08 07:41:31"
"550","FJC 9934",319,3,75.0333333333333,"2015-12-07 18:05:53"
"551","FJC 9934",813,0,10,"2015-12-07 17:35:52"
"552","FTD 8882",1121,0,30.05,"2015-12-08 12:16:48"
"553","FTD 8882",6233,3,35.0166666666667,"2015-12-08 08:51:34"
"554","FTD 8882",4329,0,25.0166666666667,"2015-12-07 17:45:52"
"555","FTD 8882",5398,6,115.05,"2015-12-07 15:50:49"
"556","FBV 4363",1626,0,10,"2015-12-08 11:06:41"
"557","FBV 4363",2464,3,25.0166666666667,"2015-12-08 09:26:35"
"558","FBV 4363",2883,0,40.0333333333333,"2015-12-08 07:46:31"
"559","FBV 4363",6412,0,30.0333333333333,"2015-12-08 07:16:29"
"560","FBV 4363",4689,3,15.0166666666667,"2015-12-07 18:55:54"
"561","FBV 4363",2769,0,25.0166666666667,"2015-12-07 18:15:53"
"562","FBV 4363",1877,0,15.0166666666667,"2015-12-07 13:40:46"
"563","FBV 4488",3387,3,50.1166666666667,"2015-12-08 10:51:39"
"564","FBV 4488",4276,0,25.1,"2015-12-07 21:20:58"
"565","FBV 4477",3248,0,20,"2015-12-08 09:16:35"
"566","FBV 4477",2732,3,60.0333333333333,"2015-12-07 17:10:51"
"567","FHB 2835",15613,3,40.0166666666667,"2015-12-07 23:21:08"
"568","FJC 9791",14958,0,30.0333333333333,"2015-12-08 10:41:39"
"569","FJC 9791",2243,6,75.0333333333333,"2015-12-07 15:50:49"
"570","CK9 T295",5779,0,40.0166666666667,"2015-12-08 08:51:34"
"571","CK9 T295",3288,0,20.0166666666667,"2015-12-08 08:31:33"
"572","CK9 T295",5164,0,35.0333333333333,"2015-12-08 07:56:31"
"573","CK9 T295",2617,0,40.0333333333333,"2015-12-08 07:06:29"
"574","CK9 T295",2497,0,15.0166666666667,"2015-12-07 20:40:57"
"575","CK9 T295",4797,0,50.0166666666667,"2015-12-07 18:40:54"
"576","CK9 T295",3135,0,15,"2015-12-07 16:15:50"
"577","CK9 T295",2837,0,15.0166666666667,"2015-12-07 13:40:46"
"578","CZT 0934",5282,0,40.0166666666667,"2015-12-07 18:05:53"
"579","CZT 0934",4133,0,30.0166666666667,"2015-12-07 16:10:50"
"580","FHB 1550",4183,3,10,"2015-12-08 10:21:38"
"581","FHB 1550",3272,0,45.0166666666667,"2015-12-07 16:15:50"
"582","FJD 0197",0,6,90.1833333333333,"2015-12-08 12:06:47"
"583","FJD 0197",0,0,100.066666666667,"2015-12-08 08:26:33"
"584","FJD 0197",6442,0,35.0333333333333,"2015-12-08 07:31:30"
"585","FJD 0197",177,0,5,"2015-12-08 06:51:28"
"586","FJD 0197",6156,3,15.0166666666667,"2015-12-08 06:26:27"
"587","CZT 0998",0,0,5,"2015-12-08 01:11:13"
"588","CZT 0998",7443,6,25.0333333333333,"2015-12-08 00:36:10"
"589","CZT 0998",5559,3,20.0166666666667,"2015-12-07 18:50:54"
"590","FJC 9925",4236,0,30.0333333333333,"2015-12-08 12:21:49"
"591","FJC 9925",7984,-37,25.0333333333333,"2015-12-08 10:16:37"
"592","FFD 7834",2187,0,15.0166666666667,"2015-12-08 12:51:51"
"593","FFD 7834",2700,0,40.1,"2015-12-08 10:56:39"
"594","FFD 7834",7213,0,35.0166666666667,"2015-12-07 19:30:55"
"595","FFD 7834",3268,0,45.0166666666667,"2015-12-07 18:35:54"
"596","FHB 2866",0,3,75.1166666666667,"2015-12-08 12:11:48"
"597","FHB 2866",2433,0,10,"2015-12-08 07:51:31"
"598","FHB 2866",9894,3,30.0666666666667,"2015-12-07 21:36:01"
"599","FHB 2866",7113,6,25.0166666666667,"2015-12-07 17:30:52"
"600","CSF 9063",1678,0,20.0666666666667,"2015-12-08 11:16:41"
"601","CSF 9063",4335,6,20.0166666666667,"2015-12-08 07:31:30"
"602","CSF 9063",3734,3,25.0166666666667,"2015-12-07 17:10:51"
"603","CSF 9063",5267,3,50.0166666666667,"2015-12-07 16:15:50"
"604","CSF 9063",5905,3,70.0166666666667,"2015-12-07 14:50:48"
"605","FBV 4379",2677,3,10,"2015-12-08 12:46:51"
"606","FBV 4379",5430,0,40.05,"2015-12-08 10:36:38"
"607","FBV 4379",5425,3,45.0166666666667,"2015-12-07 14:20:47"
"608","FJD 0198",6819,0,15.0166666666667,"2015-12-08 12:36:50"
"609","FJD 0198",6813,0,55.0166666666667,"2015-12-07 19:10:55"
"610","FJC 9788",2917,0,10,"2015-12-08 07:01:29"
"611","FJC 9788",5025,3,30.0333333333333,"2015-12-07 22:41:06"
"612","FJC 9788",1864,0,20.0166666666667,"2015-12-07 14:20:47"
"613","FBV 4365",2392,0,25.0166666666667,"2015-12-08 10:21:38"
"614","FBV 4365",2329,3,15.0166666666667,"2015-12-08 09:11:34"
"615","FBV 4365",6765,3,30,"2015-12-07 23:41:09"
"616","FBV 4355",806,0,20.0166666666667,"2015-12-08 06:56:28"
"617","FBV 4355",1418,0,30.0166666666667,"2015-12-08 06:21:27"
"618","FBV 4355",2338,0,40,"2015-12-07 19:50:56"
"619","FBV 4355",3040,0,15.0166666666667,"2015-12-07 18:20:53"
"620","FHB 0202",7179,0,20.0166666666667,"2015-12-08 09:06:34"
"621","FBV 4381",939,3,10,"2015-12-08 09:41:36"
"622","FBV 4381",7447,0,20.0166666666667,"2015-12-08 02:41:16"
"623","FBV 4381",11931,6,90.0333333333333,"2015-12-07 16:15:50"
"624","FBV 6124",1803,3,35.0166666666667,"2015-12-08 07:26:30"
"625","FBV 6124",4407,0,20,"2015-12-07 22:06:05"
"626","FBV 6124",2540,3,20.0166666666667,"2015-12-07 20:35:57"
"627","FBV 6124",4515,0,30,"2015-12-07 19:05:55"
"628","FBV 6124",4354,3,25,"2015-12-07 16:40:51"
"629","CZT 1032",20232,21,85.0666666666667,"2015-12-08 08:41:33"
"630","CZT 1032",3940,0,20.0166666666667,"2015-12-07 20:20:56"
"631","CSF 9068",7548,0,20,"2015-12-07 19:50:56"
"632","FHB 2847",440,10,75.0833333333333,"2015-12-08 09:56:36"
"633","FHB 2847",3299,0,25.0166666666667,"2015-12-07 23:11:08"
"634","FHB 2847",1744,0,15,"2015-12-07 20:05:56"
"635","FHB 2847",7533,0,30.0166666666667,"2015-12-07 19:00:54"
"636","FHB 2847",7741,0,30.0166666666667,"2015-12-07 16:55:51"
"637","FHB 2847",4877,0,50.0333333333333,"2015-12-07 15:15:48"
"638","FHB 2847",1298,0,45.0166666666667,"2015-12-07 14:25:47"
"639","CSF 8933",13035,0,20.0166666666667,"2015-12-07 15:15:48"
"640","FHB 1327",5792,3,25.0666666666667,"2015-12-08 11:31:42"
"641","FHB 1327",7538,0,45.0333333333333,"2015-12-08 10:11:37"
"642","FHB 1327",7866,3,20.0166666666667,"2015-12-08 00:21:10"
"643","FHB 1327",6775,0,15.0166666666667,"2015-12-07 20:25:56"
"644","FHB 1327",1779,0,25.0166666666667,"2015-12-07 18:25:53"
"645","FHB 1327",601,3,90.0333333333333,"2015-12-07 15:25:49"
"646","FGZ 8623",310,3,55.1,"2015-12-08 10:41:39"
"647","FGZ 8623",18194,6,45.0166666666667,"2015-12-07 19:50:56"
"648","FGZ 8623",18351,0,35,"2015-12-07 15:25:49"
"649","FGZ 8688",3078,0,40.0333333333333,"2015-12-08 07:56:31"
"650","FGZ 8688",2251,0,10.0333333333333,"2015-12-08 00:36:10"
"651","FGZ 8688",1124,0,5,"2015-12-07 21:10:58"
"652","FGZ 8688",2308,3,15,"2015-12-07 20:15:56"
"653","FBV 4386",8516,-55,140.233333333333,"2015-12-08 11:11:41"
"654","CZT 0920",0,0,5,"2015-12-08 11:56:46"
"655","CZT 0920",3223,0,25.0833333333333,"2015-12-08 11:21:41"
"656","CZT 0920",2722,0,15.0166666666667,"2015-12-08 09:11:34"
"657","CZT 0920",1996,3,20,"2015-12-07 17:20:52"
"658","CZS 9748",2663,0,20.0666666666667,"2015-12-07 21:36:01"
"659","CZS 9748",12339,0,40.0166666666667,"2015-12-07 16:50:51"
"660","CZS 9748",1328,0,10,"2015-12-07 14:50:48"
"661","CSG 1520",6186,6,40.0833333333333,"2015-12-08 11:21:41"
"662","CSG 1520",4648,0,50.0333333333333,"2015-12-07 22:16:05"
"663","CSG 1520",2072,0,10.05,"2015-12-07 21:20:58"
"664","CSG 1520",2852,3,35.0166666666667,"2015-12-07 20:45:57"
"665","FHB 0203",2727,0,20.0333333333333,"2015-12-08 12:41:50"
"666","CSF 8927",5848,0,35.0166666666667,"2015-12-07 17:50:52"
"667","CSF 8927",5626,3,35,"2015-12-07 15:20:49"
"668","CK9 T281",10516,3,25.0166666666667,"2015-12-07 16:20:50"
"669","FJC 9789",6647,3,35.05,"2015-12-08 12:16:48"
"670","FJC 9789",7789,3,15.0166666666667,"2015-12-08 07:26:30"
"671","FJC 9789",10450,3,20,"2015-12-07 21:56:05"
"672","FJC 9789",2620,0,75.0333333333333,"2015-12-07 16:40:51"
"673","FJC 9789",9932,3,50.0166666666667,"2015-12-07 15:40:49"
"674","FJC 9789",2153,3,15,"2015-12-07 13:55:47"
"675","FJC 9783",13874,3,25.05,"2015-12-07 21:15:58"
"676","CSF 9071",3273,3,30.0166666666667,"2015-12-08 08:11:32"
"677","CSF 9071",5151,0,15.0166666666667,"2015-12-07 18:55:54"
"678","CSF 9071",5226,3,15.0166666666667,"2015-12-07 17:40:52"
"679","FHB 1335",1290,3,20.05,"2015-12-08 12:01:46"
"680","FHB 1335",1712,0,20.0166666666667,"2015-12-08 11:36:45"
"681","FHB 1335",7096,0,20.0166666666667,"2015-12-08 09:06:34"
"682","FHB 1335",4817,3,20.0166666666667,"2015-12-07 18:25:53"
"683","FGZ 8805",1718,4,40.05,"2015-12-08 12:11:48"
"684","FGZ 8805",457,0,5,"2015-12-08 08:11:32"
"685","FGZ 8805",2067,-7,75.0666666666667,"2015-12-08 06:56:28"
"686","CK9 T283",3976,0,25,"2015-12-07 18:30:54"
"687","CK9 T283",3511,0,25.0166666666667,"2015-12-07 17:35:52"
"688","CK9 T283",3458,0,35.0166666666667,"2015-12-07 15:15:48"
"689","CK9 T283",3412,3,25,"2015-12-07 14:35:48"
"690","CK9 T283",3301,0,20,"2015-12-07 14:05:47"
"691","FHB 1677",19537,0,65.0333333333333,"2015-12-07 18:25:53"
"692","FHB 1677",5709,0,85.05,"2015-12-07 16:30:50"
"693","CZT 0923",5084,3,30.0166666666667,"2015-12-07 16:55:51"
"694","FBV 4395",10291,0,45.0333333333333,"2015-12-08 07:26:30"
"695","FBV 4395",5804,0,15.0166666666667,"2015-12-07 18:25:53"
"696","FBV 4395",4232,0,50.0333333333333,"2015-12-07 16:30:50"
"697","FHB 1678",3231,0,40.0333333333333,"2015-12-07 20:20:56"
"698","FHB 1678",143,7,55.0333333333333,"2015-12-07 18:10:53"
"699","FBV 4394",742,3,15.0666666666667,"2015-12-08 13:21:54"
"700","FBV 4394",5074,0,15.0166666666667,"2015-12-08 07:16:29"
"701","FBV 4394",5060,3,25.0166666666667,"2015-12-07 17:00:51"
"702","FBV 4384",19708,6,25.0166666666667,"2015-12-08 05:16:24"
"703","FBV 4384",5545,0,40.0166666666667,"2015-12-07 15:50:49"
"704","FBV 4426",254,0,5,"2015-12-08 12:46:51"
"705","FBV 4426",4533,0,30.05,"2015-12-08 12:01:46"
"706","FBV 4426",0,3,35.0166666666667,"2015-12-07 20:10:56"
"707","CZS 9750",852,6,60.0833333333333,"2015-12-08 11:46:46"
"708","CZS 9750",2084,0,15.0166666666667,"2015-12-08 08:46:33"
"709","CZS 9750",5380,0,40.0166666666667,"2015-12-08 01:11:13"
"710","CZS 9750",5779,3,25.0166666666667,"2015-12-07 18:20:53"
"711","CZS 9750",2271,0,20,"2015-12-07 16:10:50"
"712","CZS 9750",1752,0,15.0166666666667,"2015-12-07 15:10:48"
"713","CZS 9750",2755,0,50.0166666666667,"2015-12-07 13:55:47"
"714","FJC 9785",280,3,35.0166666666667,"2015-12-07 19:15:55"
"715","FJC 9785",3637,0,15.0166666666667,"2015-12-07 17:50:52"
"716","FJC 9785",2046,0,20,"2015-12-07 17:20:52"
"717","FJC 9785",0,3,60.0333333333333,"2015-12-07 15:55:49"
"718","FJC 9787",9715,6,50.0333333333333,"2015-12-08 02:01:15"
"719","FJC 9787",1942,0,35.0166666666667,"2015-12-07 20:10:56"
"720","FJC 9787",3376,0,25.0166666666667,"2015-12-07 18:50:54"
"721","FJC 9787",2053,0,10,"2015-12-07 18:05:53"
"722","FJC 9787",3679,3,35.0166666666667,"2015-12-07 17:20:52"
"723","FJC 9787",1378,0,10,"2015-12-07 16:40:51"
"724","FJC 9787",1304,0,15,"2015-12-07 14:40:48"
"725","CSF 9060",29957,3,50.0166666666667,"2015-12-07 18:40:54"
"726","FHB 2828",98,3,85.15,"2015-12-08 10:51:39"
"727","FHB 2828",2502,0,15.0166666666667,"2015-12-08 10:06:37"
"728","FHB 2828",5355,0,15,"2015-12-08 08:56:34"
"729","FHB 2828",5802,0,15,"2015-12-07 19:55:56"
"730","FHB 2869",3753,3,25.0333333333333,"2015-12-08 12:36:50"
"731","FHB 2869",6898,3,20,"2015-12-07 19:45:56"
"732","FHB 2869",16081,9,35.0166666666667,"2015-12-07 16:25:50"
"733","FBV 4476",2876,0,75.0166666666667,"2015-12-07 19:10:55"
"734","FBV 4476",1537,0,15,"2015-12-07 18:30:54"
"735","FBV 4476",17406,0,35.0166666666667,"2015-12-07 17:20:52"
"736","CK9 T262",4480,6,55.05,"2015-12-08 08:46:33"
"737","CK9 T262",4695,3,50.0166666666667,"2015-12-07 18:30:54"
"738","CK9 T262",1571,0,15.0166666666667,"2015-12-07 18:15:53"
"739","CK9 T262",725,0,20,"2015-12-07 17:30:52"
"740","CK9 T262",3016,0,25,"2015-12-07 16:40:51"
"741","CK9 T262",105,3,50.0166666666667,"2015-12-07 14:15:47"
"742","CSG 1544",396,3,10.0166666666667,"2015-12-08 12:31:49"
"743","CSG 1544",3217,3,40.0833333333333,"2015-12-08 11:16:41"
"744","CSG 1544",3639,0,40.0333333333333,"2015-12-08 10:16:37"
"745","CSG 1544",5356,0,30.0166666666667,"2015-12-07 17:05:51"
"746","CSG 1544",1946,0,30.0166666666667,"2015-12-07 16:20:50"
"747","CSF 8924",13207,0,65.0333333333333,"2015-12-08 08:06:32"
"748","CSF 8924",19975,3,25.05,"2015-12-07 21:05:58"
"749","CSF 8924",19614,6,35.0166666666667,"2015-12-07 19:25:55"
"750","CSF 8924",6057,0,20,"2015-12-07 15:25:49"
"751","CK9 T304",10379,0,20.0166666666667,"2015-12-07 18:55:54"
"752","FBV 4376",0,0,15.0166666666667,"2015-12-08 07:56:31"
"753","FBV 4376",110,3,25.0166666666667,"2015-12-07 18:10:53"
"754","FBV 4376",7279,0,35,"2015-12-07 14:40:48"
"755","CSG 2237",7284,0,35.05,"2015-12-08 12:06:47"
"756","CSG 2237",1681,0,10,"2015-12-08 11:41:46"
"757","CSG 2237",6734,0,25.0166666666667,"2015-12-08 06:21:27"
"758","CSG 2237",17549,0,40.0333333333333,"2015-12-07 22:31:06"
"759","FBV 4432",10122,4,20.05,"2015-12-07 21:10:58"
"760","FBV 4432",2586,0,20.0166666666667,"2015-12-07 20:50:57"
"761","FBV 4432",5592,0,20,"2015-12-07 20:10:56"
"762","FBV 4432",7229,0,80.0333333333333,"2015-12-07 17:20:52"
"763","FBV 4432",3742,0,30.0166666666667,"2015-12-07 16:25:50"
"764","FBV 4432",20090,0,30.0166666666667,"2015-12-07 15:45:49"
"765","FHB 2867",2144,0,100.166666666667,"2015-12-08 10:41:39"
"766","FHB 2867",3946,0,15.0166666666667,"2015-12-08 07:11:29"
"767","FHB 2867",2856,0,30.0166666666667,"2015-12-07 14:20:47"
"768","CSF 9200",4287,0,25.0333333333333,"2015-12-08 12:36:50"
"769","CSF 9200",4878,3,40.0166666666667,"2015-12-07 17:10:51"
"770","CSF 9200",4020,0,45.0166666666667,"2015-12-07 15:00:48"
"771","CSF 9200",1781,3,20.0166666666667,"2015-12-07 14:30:47"
"772","FGZ 8626",14,0,255.283333333333,"2015-12-08 08:26:33"
"773","FGZ 8626",18555,3,35.0166666666667,"2015-12-07 17:25:52"
"774","FGZ 8626",5153,0,15,"2015-12-07 15:40:49"
"775","CSF 9196",3384,0,35.0333333333333,"2015-12-08 08:46:33"
"776","CSF 9196",7467,6,20.0166666666667,"2015-12-08 08:06:32"
"777","CSF 9196",7746,3,20.0166666666667,"2015-12-07 20:15:56"
"778","CSF 9196",166,0,30,"2015-12-07 19:40:56"
"779","CSF 9196",4222,3,20,"2015-12-07 19:15:55"
"780","FHB 1680",4919,0,35.0166666666667,"2015-12-08 08:06:32"
"781","CZS 9747",4251,0,35.0166666666667,"2015-12-08 07:41:31"
"782","CZS 9747",4568,3,25.0166666666667,"2015-12-07 17:05:51"
"783","FJC 9928",7149,6,1160.83333333333,"2015-12-07 15:25:49"
"784","CZT 0993",2187,3,10.0166666666667,"2015-12-07 23:06:07"
"785","CZT 0993",12702,3,45.1166666666667,"2015-12-07 21:20:58"
"786","CZT 0993",9508,0,35,"2015-12-07 19:45:56"
"787","CZT 0993",15267,9,40.0166666666667,"2015-12-07 18:50:54"
"788","CZT 0993",6091,3,35.0166666666667,"2015-12-07 18:10:53"
"789","CZT 0993",1933,0,10,"2015-12-07 17:25:52"
"790","CZT 0993",2264,3,10,"2015-12-07 17:00:51"
"791","CSF 9192",2704,3,45.0333333333333,"2015-12-08 07:51:31"
"792","CSF 9192",2989,0,20.0166666666667,"2015-12-07 19:35:55"
"793","CSF 8920",12225,3,45.0333333333333,"2015-12-08 08:41:33"
"794","CSF 8920",18806,3,75.05,"2015-12-08 01:16:13"
"795","CSF 8920",6540,3,25.0333333333333,"2015-12-07 22:21:05"
"796","CSF 8920",6161,3,35,"2015-12-07 19:45:56"
"797","CSF 8920",1799,0,40.0166666666667,"2015-12-07 14:15:47"
"798","FGZ 8681",7337,0,20.0333333333333,"2015-12-08 13:11:53"
"799","FGZ 8681",7730,3,20.0166666666667,"2015-12-08 11:36:45"
"800","FGZ 8681",2999,3,20,"2015-12-07 18:40:54"
"801","FBV 4474",6034,0,25,"2015-12-07 23:36:09"
"802","FBV 4474",1539,0,20,"2015-12-07 18:35:54"
"803","FBV 4474",1375,3,15.0166666666667,"2015-12-07 15:05:48"
"804","FBV 4474",5445,0,25.0166666666667,"2015-12-07 14:30:47"
"805","CSF 9065",778,3,80.0833333333333,"2015-12-07 20:10:56"
"806","FBV 4469",6793,0,45.0333333333333,"2015-12-08 06:11:26"
"807","FBV 4469",7661,3,20.0166666666667,"2015-12-08 02:36:16"
"808","FBV 4469",7146,3,25.0166666666667,"2015-12-07 18:55:54"
"809","FBV 4469",5831,6,30.0166666666667,"2015-12-07 18:00:53"
"810","FBV 4469",1608,0,25,"2015-12-07 17:20:52"
"811","CSF 9074",6575,0,830.733333333333,"2015-12-07 23:16:08"
"812","CSF 9074",5485,0,40.0166666666667,"2015-12-07 18:00:53"
"813","CSF 9074",4921,3,30.0166666666667,"2015-12-07 16:30:50"
"814","CK9 T285",4255,0,35.0166666666667,"2015-12-07 23:51:09"
"815","CK9 T285",6872,0,25,"2015-12-07 14:50:48"
"816","CYL 4639",2481,3,20.0166666666667,"2015-12-08 12:36:50"
"817","CYL 4639",444,0,25.0166666666667,"2015-12-08 09:31:35"
"818","CYL 4639",5799,3,35.0333333333333,"2015-12-08 07:51:31"
"819","CYL 4639",2471,3,20,"2015-12-07 16:35:51"
"820","FGZ 8680",6363,3,30.0166666666667,"2015-12-07 13:40:46"
"821","FHB 0200",4576,3,55.1333333333333,"2015-12-08 12:41:50"
"822","FHB 0200",4108,3,15.0166666666667,"2015-12-08 12:21:49"
"823","FGZ 8629",1353,0,15.0166666666667,"2015-12-08 09:26:35"
"824","FGZ 8629",3185,0,25.0166666666667,"2015-12-08 08:21:32"
"825","FGZ 8629",3759,3,25.0166666666667,"2015-12-07 18:25:53"
"826","FGZ 8629",6076,3,45.0166666666667,"2015-12-07 17:40:52"
"827","FGZ 8629",6985,3,80.0333333333333,"2015-12-07 16:20:50"
"828","FGZ 8629",8325,0,20.0166666666667,"2015-12-07 15:15:48"
"829","FBV 4358",3366,3,20.0333333333333,"2015-12-08 11:56:46"
"830","FBV 4358",5040,0,20.0166666666667,"2015-12-08 08:01:31"
"831","FBV 4358",5398,3,20.0166666666667,"2015-12-07 14:15:47"
"832","CSF 8919",1384,0,35.0833333333333,"2015-12-08 11:31:42"
"833","CSF 8919",1454,0,15,"2015-12-08 11:01:41"
"834","CSF 8919",1148,3,15,"2015-12-08 09:41:36"
"835","CSF 8919",2473,0,35.0333333333333,"2015-12-08 09:06:34"
"836","CSF 8919",6325,0,50.05,"2015-12-08 07:36:30"
"837","CSF 8919",2325,3,35.0166666666667,"2015-12-07 18:35:54"
"838","CSF 8919",398,0,50.0166666666667,"2015-12-07 16:15:50"
"839","CSF 8919",10976,0,40,"2015-12-07 15:20:49"
"840","CSF 8919",2278,3,10.0166666666667,"2015-12-07 14:25:47"
"841","DBW 2627",334,0,10,"2015-12-07 16:50:51"
"842","DBW 2627",3655,0,20.0166666666667,"2015-12-07 16:30:50"
"843","CZT 0999",1237,3,25.0166666666667,"2015-12-08 08:21:32"
"844","CZT 0999",5670,0,40.0333333333333,"2015-12-08 06:01:26"
"845","CZT 0999",6513,0,210.1,"2015-12-07 15:50:49"
"846","CSF 8935",7896,3,20.0166666666667,"2015-12-08 12:46:51"
"847","CSF 8935",5544,3,35.0166666666667,"2015-12-07 17:20:52"
"848","CSF 8935",1652,0,10,"2015-12-07 14:20:47"
"849","FBV 4440",3058,3,20.0333333333333,"2015-12-08 12:41:50"
"850","FBV 4440",3191,3,20.0166666666667,"2015-12-08 10:06:37"
"851","FBV 4440",1958,0,40.0166666666667,"2015-12-07 17:10:51"
"852","FHB 1337",1575,0,25.0166666666667,"2015-12-08 10:31:38"
"853","FHB 1337",3177,0,25.0166666666667,"2015-12-08 08:26:33"
"854","FHB 1337",9192,6,35.0166666666667,"2015-12-07 18:40:54"
"855","FHB 2899",10181,3,30.0166666666667,"2015-12-08 09:01:34"
"856","FHB 2899",4021,3,40.0333333333333,"2015-12-08 08:01:31"
"857","FHB 2899",3856,0,20.0166666666667,"2015-12-07 17:35:52"
"858","CYL 4630",7164,0,30.0166666666667,"2015-12-07 21:51:04"
"859","CYL 4630",2241,0,60.0166666666667,"2015-12-07 17:20:52"
"860","FBV 4468",17955,3,45.0333333333333,"2015-12-08 07:36:30"
"861","FBV 4468",4632,3,20.05,"2015-12-07 21:15:58"
"862","FBV 4468",4566,3,15,"2015-12-07 19:50:56"
"863","FBV 4468",4599,0,20.0166666666667,"2015-12-07 15:15:48"
"864","FHB 0204",3322,0,15.0166666666667,"2015-12-08 11:51:46"
"865","FHB 2826",7716,0,25.0166666666667,"2015-12-07 23:56:09"
"866","FHB 2826",3757,0,20.0166666666667,"2015-12-07 22:51:07"
"867","FHB 2826",3811,0,30.0166666666667,"2015-12-07 18:10:53"
"868","FHB 2838",5928,0,30.0333333333333,"2015-12-08 11:36:45"
"869","FHB 2838",3586,0,15.0166666666667,"2015-12-08 10:06:37"
"870","FHB 2838",7030,0,40.0333333333333,"2015-12-08 06:16:26"
"871","FHB 2838",8948,0,20.0166666666667,"2015-12-07 17:05:51"
"872","FGZ 8802",86,3,65.0333333333333,"2015-12-07 18:35:54"
"873","FHB 1681",11586,3,20,"2015-12-07 16:40:51"
"874","FBV 4354",6773,0,20.0166666666667,"2015-12-08 07:31:30"
"875","FBV 4354",6178,3,35.0166666666667,"2015-12-07 13:50:46"
"876","FJD 0200",6783,3,50.0166666666667,"2015-12-07 16:10:50"
"877","CK9 T309",3307,0,25.0333333333333,"2015-12-08 12:41:50"
"878","CK9 T309",3197,0,20.0166666666667,"2015-12-08 12:11:48"
"879","CK9 T309",2975,-73,140.183333333333,"2015-12-08 09:36:35"
"880","CK9 T309",4487,0,20.0166666666667,"2015-12-07 23:56:09"
"881","CZS 9751",535,0,5,"2015-12-08 11:51:46"
"882","CZS 9751",356,0,5,"2015-12-08 11:06:41"
"883","CZS 9751",11199,9,50.0333333333333,"2015-12-08 08:51:34"
"884","FJD 0195",8216,0,15.0166666666667,"2015-12-07 20:30:56"
"885","FJD 0195",8239,9,105.05,"2015-12-07 14:30:47"
"886","FGZ 8624",3238,3,15.0166666666667,"2015-12-07 22:16:05"
"887","FGZ 8624",5858,0,25.0166666666667,"2015-12-07 17:35:52"
"888","FGZ 8624",6110,3,20,"2015-12-07 14:35:48"
"889","FJD 0199",0,3,10.0166666666667,"2015-12-08 11:16:41"
"890","FJD 0199",5610,0,25.0166666666667,"2015-12-07 14:25:47"
"891","FHB 2856",2663,0,15.0333333333333,"2015-12-08 13:11:53"
"892","FHB 2856",2416,0,20.0333333333333,"2015-12-08 10:46:39"
"893","FHB 2856",1025,-82,30.0333333333333,"2015-12-08 09:31:35"
"894","FHB 2856",4005,0,15,"2015-12-07 22:01:05"
"895","FHB 2856",6236,0,30.0166666666667,"2015-12-07 18:00:53"
"896","FHB 2829",5045,0,20.0166666666667,"2015-12-08 09:06:34"
"897","FHB 2829",3825,0,25,"2015-12-07 18:30:54"
"898","FHB 2829",2132,0,25,"2015-12-07 18:00:53"
"899","FHB 2829",3009,3,35.0166666666667,"2015-12-07 16:45:51"
"900","CYL 4628",12720,3,30.0333333333333,"2015-12-08 12:11:48"
"901","CYL 4628",2108,0,20.0166666666667,"2015-12-08 09:21:35"
"902","CYL 4628",121,3,65.0333333333333,"2015-12-07 21:56:05"
"903","CYL 4628",6905,0,40.0166666666667,"2015-12-07 19:20:55"
"904","CK9 T286",1608,0,10.0166666666667,"2015-12-08 12:51:51"
"905","CK9 T286",3752,0,40.0333333333333,"2015-12-08 10:41:39"
"906","CK9 T286",909,0,15,"2015-12-07 15:35:49"
"907","DBW 2626",6452,0,25.0666666666667,"2015-12-08 11:26:42"
"908","CSG 1513",3587,-22,1045.86666666667,"2015-12-07 18:30:54"
"909","CSG 1513",944,0,15,"2015-12-07 14:10:47"
"910","GGG 3720",6534,0,15.0166666666667,"2015-12-08 10:31:38"
"911","GGG 3720",6397,0,20,"2015-12-07 20:10:56"
"912","GGG 3720",1815,0,15,"2015-12-07 18:45:54"
"913","GGG 3720",1603,0,35.0166666666667,"2015-12-07 17:50:52"
"914","GGG 3720",2797,3,30.0166666666667,"2015-12-07 16:55:51"
"915","CK9 T306",17712,6,35.0166666666667,"2015-12-08 07:46:31"
"916","CK9 T306",6285,0,30.0666666666667,"2015-12-07 21:31:01"
"917","CK9 T306",1033,0,10.05,"2015-12-07 21:20:58"
"918","CK9 T306",972,0,15.0166666666667,"2015-12-07 18:15:53"
"919","FBV 4471",0,0,20.0166666666667,"2015-12-08 07:51:31"
"920","FBV 4471",7261,0,20,"2015-12-07 18:05:53"
"921","FJC 9927",3664,0,15.0166666666667,"2015-12-07 16:00:49"
"922","CK9 T375",2105,-43,40.05,"2015-12-08 10:31:38"
"923","FHB 2832",8715,-70,80.0666666666667,"2015-12-08 09:31:35"
"924","FBV 4391",4509,3,15.0166666666667,"2015-12-08 11:36:45"
"925","FBV 4391",1268,6,155.083333333333,"2015-12-07 16:00:49"
"926","FBV 4391",615,0,45.0166666666667,"2015-12-07 15:10:48"
"927","FBV 4391",617,0,5,"2015-12-07 15:05:48"
"928","FJC 9793",6386,6,90.15,"2015-12-08 11:56:46"
"929","FJC 9793",6987,3,30.0333333333333,"2015-12-08 09:31:35"
"930","CSG 1541",5802,0,15.0166666666667,"2015-12-08 11:36:45"
"931","CSG 1541",1911,-73,75.05,"2015-12-08 08:26:33"
"932","CSG 1541",0,0,10.0166666666667,"2015-12-08 08:01:31"
"933","CSG 1541",5129,0,40.0333333333333,"2015-12-08 04:31:22"
"934","CSG 1541",5806,3,35.0166666666667,"2015-12-07 17:45:52"
"935","FBV 4428",9108,10,105.083333333333,"2015-12-08 08:16:32"
"936","FBV 4383",1574,0,25.0166666666667,"2015-12-08 08:36:33"
"937","FBV 4383",4609,3,35.0333333333333,"2015-12-08 07:51:31"
"938","FBV 4383",4506,0,30.0333333333333,"2015-12-08 06:31:27"
"939","FBV 4383",1971,3,20,"2015-12-07 21:00:58"
"940","FBV 4383",3213,0,15,"2015-12-07 20:35:57"
"941","FBV 4383",2676,0,15,"2015-12-07 19:10:55"
"942","FBV 4383",3025,0,15,"2015-12-07 18:45:54"
"943","CSF 9069",14496,6,30.0166666666667,"2015-12-08 08:31:33"
"944","CSF 9069",0,0,5,"2015-12-08 01:21:13"
"945","CSF 9069",2829,0,15,"2015-12-07 20:35:57"
"946","CSF 9069",5976,6,25.0166666666667,"2015-12-07 13:50:46"
