"","X","name","Dist","Fuel","Time","startTime","miles"
"1",1,"FBV 4392",3036,0,40,2015-12-08 12:36:50,1.88688626476072
"2",2,"GJX 9016",4953,0,10,2015-12-08 12:31:49,3.07830950901181
"3",3,"GJX 9016",8454,0,75,2015-12-08 10:36:38,5.25419515226849
"4",4,"GJX 9016",528,0,0,2015-12-08 10:31:38,0.328154133001865
"5",5,"CSG 1518",2606,0,25,2015-12-08 11:51:46,1.61963952765693
"6",6,"FJC 9784",8656,6,115,2015-12-08 06:41:28,5.37973896830329
"7",7,"CSF 9067",13102,3,25,2015-12-08 09:06:34,8.14294592914854
"8",8,"CZT 1033",6584,0,15,2015-12-07 19:05:55,4.09198259788689
"9",9,"CZT 1033",7094,6,40,2015-12-07 17:05:51,4.40894965817278
"10",10,"CZT 1033",0,6,0,2015-12-07 16:00:49,0
"11",11,"FBV 4372",1323,0,60,2015-12-08 08:01:31,0.82224984462399
"12",12,"FBV 4372",16059,0,35,2015-12-07 16:05:50,9.98073337476694
"13",13,"FGZ 8612",8878,0,35,2015-12-08 09:41:36,5.51771286513362
"14",14,"FGZ 8612",10861,0,45,2015-12-08 08:21:32,6.75015537600994
"15",15,"FGZ 8612",3920,-43,25,2015-12-08 05:41:25,2.43629583592293
"16",16,"FBV 4390",3064,3,40,2015-12-08 07:51:31,1.90428837787446
"17",17,"FBV 4390",6121,-3,10,2015-12-08 07:16:29,3.80422622747048
"18",18,"FBV 4390",54,0,0,2015-12-08 01:31:14,0.033561218147918
"19",19,"FBV 4390",0,0,10,2015-12-07 23:46:09,0
"20",20,"FBV 4390",6484,6,20,2015-12-07 16:25:50,4.02983219390926
"21",21,"FBV 4438",2101,0,926,2015-12-07 19:15:55,1.30577998756992
"22",22,"FBV 4438",6674,0,45,2015-12-07 18:10:53,4.14791796146675
"23",23,"FBV 4438",743,0,15,2015-12-07 17:05:51,0.46177750155376
"24",24,"FHB 0248",5914,3,15,2015-12-08 13:06:52,3.67557489123679
"25",25,"FHB 0248",6997,0,10,2015-12-08 07:41:31,4.34866376631448
"26",26,"FHB 0248",13919,3,20,2015-12-07 21:05:58,8.65071472964574
"27",27,"FHB 0248",6500,0,40,2015-12-07 15:45:49,4.03977625854568
"28",28,"CSG 2238",19217,0,45,2015-12-08 08:26:33,11.9434431323804
"29",29,"CSG 2238",23495,0,45,2015-12-08 05:26:24,14.6022374145432
"30",30,"CSG 2238",0,0,0,2015-12-07 15:30:49,0
"31",31,"FGZ 8806",0,0,50,2015-12-08 11:51:46,0
"32",32,"FGZ 8806",1692,0,15,2015-12-08 10:56:39,1.05158483530143
"33",33,"FGZ 8806",4930,0,15,2015-12-07 19:10:55,3.06401491609695
"34",34,"FGZ 8806",1074,0,25,2015-12-07 18:05:53,0.667495338719702
"35",35,"FBV 4430",0,0,0,2015-12-08 01:46:14,0
"36",36,"FBV 4430",13278,0,20,2015-12-08 00:36:10,8.25233064014916
"37",37,"FBV 4430",1793,0,10,2015-12-07 22:21:05,1.11435674331883
"38",38,"FBV 4430",3562,0,10,2015-12-07 21:56:05,2.21379738968303
"39",39,"FBV 4430",2771,0,15,2015-12-07 17:20:52,1.72218769422001
"40",40,"FJC 9598",4888,0,20,2015-12-08 09:51:36,3.03791174642635
"41",41,"FHB 0245",4947,0,5,2015-12-08 10:11:37,3.07458048477315
"42",42,"CSF 9061",11437,3,20,2015-12-08 12:56:51,7.10814170292107
"43",43,"CSF 9061",6372,0,20,2015-12-07 19:50:56,3.96022374145432
"44",44,"CSF 9061",0,0,0,2015-12-07 19:00:54,0
"45",45,"CSF 9061",2565,0,15,2015-12-07 18:40:54,1.5941578620261
"46",46,"CYL 4640",3491,0,5,2015-12-08 09:46:36,2.16967060285892
"47",47,"CYL 4640",2346,0,35,2015-12-08 08:01:31,1.4580484773151
"48",48,"FGZ 8685",3977,0,25,2015-12-08 11:16:41,2.47172156619018
"49",49,"FGZ 8685",22123,0,35,2015-12-08 10:31:38,13.7495338719702
"50",50,"FHB 2842",4291,3,20,2015-12-08 11:06:41,2.66687383467993
"51",51,"FHB 2842",2927,3,25,2015-12-08 09:21:35,1.81914232442511
"52",52,"FHB 2842",0,0,15,2015-12-08 07:51:31,0
"53",53,"FHB 2842",16565,0,25,2015-12-07 16:25:50,10.2952144188937
"54",54,"FGZ 8611",24529,4,50,2015-12-08 12:31:49,15.2448725916718
"55",55,"FGZ 8611",7853,0,25,2015-12-08 11:46:46,4.88067122436296
"56",56,"FGZ 8611",2694,0,30,2015-12-08 10:11:37,1.67433188315724
"57",57,"FGZ 8611",1606,-91,125,2015-12-08 07:11:29,0.998135487880671
"58",58,"FGZ 8611",3071,3,15,2015-12-07 16:30:50,1.90863890615289
"59",59,"FGZ 8687",2016,0,10,2015-12-08 00:11:09,1.25295214418894
"60",60,"FGZ 8687",8500,0,40,2015-12-07 18:40:54,5.2827843380982
"61",61,"FGZ 8687",4645,0,25,2015-12-07 17:45:52,2.88688626476072
"62",62,"FBV 4370",17093,15,40,2015-12-08 12:21:49,10.6233685518956
"63",63,"FBV 4370",3336,3,20,2015-12-08 10:31:38,2.0733374766936
"64",64,"FBV 4370",4678,4,30,2015-12-08 09:06:34,2.90739589807334
"65",65,"FBV 4370",1096,-10,20,2015-12-07 22:41:06,0.681168427594779
"66",66,"FBV 4370",6286,6,45,2015-12-07 21:36:01,3.90677439403356
"67",67,"FBV 4370",2108,0,15,2015-12-07 18:20:53,1.31013051584835
"68",68,"FBV 4370",3640,0,25,2015-12-07 15:20:49,2.26227470478558
"69",69,"FJC 9786",4636,0,45,2015-12-08 08:11:32,2.88129272840273
"70",70,"FJC 9786",8617,0,15,2015-12-07 21:51:04,5.35550031075202
"71",71,"FJC 9786",6120,0,35,2015-12-07 20:50:57,3.8036047234307
"72",72,"FBV 4367",13220,3,15,2015-12-08 09:16:35,8.21628340584214
"73",73,"FBV 4367",0,0,30,2015-12-08 08:36:33,0
"74",74,"FBV 4367",2759,0,15,2015-12-07 21:05:58,1.7147296457427
"75",75,"FBV 4367",766,3,25,2015-12-07 19:40:56,0.476072094468614
"76",76,"FBV 4367",806,0,0,2015-12-07 19:15:55,0.500932256059664
"77",77,"FBV 4367",5660,0,15,2015-12-07 14:25:47,3.51771286513362
"78",78,"CK9 T264",2963,0,50,2015-12-08 12:16:48,1.84151646985705
"79",79,"CK9 T264",1067,0,35,2015-12-08 10:51:39,0.663144810441268
"80",80,"CK9 T264",3165,0,20,2015-12-08 08:11:32,1.96706028589186
"81",81,"CK9 T264",2954,0,15,2015-12-07 18:30:54,1.83592293349907
"82",82,"CK9 T264",3561,0,20,2015-12-07 17:55:53,2.21317588564326
"83",83,"CK9 T264",3679,0,45,2015-12-07 16:50:51,2.28651336233685
"84",84,"FHB 2825",2744,0,15,2015-12-07 21:00:58,1.70540708514605
"85",85,"FHB 2825",1210,3,45,2015-12-07 18:30:54,0.752019888129273
"86",86,"FHB 2825",1216,0,100,2015-12-07 16:30:50,0.75574891236793
"87",87,"FHB 2825",1139,0,5,2015-12-07 16:00:49,0.707893101305158
"88",88,"FHB 2825",2911,3,15,2015-12-07 14:05:47,1.80919825978869
"89",89,"FHB 1679",15,0,50,2015-12-08 11:36:45,0.00932256059664388
"90",90,"FHB 1679",878,0,5,2015-12-07 15:05:48,0.545680546923555
"91",91,"CZT 0933",10386,3,40,2015-12-07 16:35:51,6.45494095711622
"92",92,"FHB 2844",2286,0,40,2015-12-08 10:21:38,1.42075823492853
"93",93,"FHB 2844",6962,0,15,2015-12-08 06:46:28,4.32691112492231
"94",94,"FHB 2844",2820,0,5,2015-12-07 14:30:47,1.75264139216905
"95",95,"FBV 4425",5315,3,20,2015-12-08 11:46:46,3.30329397141081
"96",96,"FBV 4425",1163,0,5,2015-12-08 01:46:14,0.722809198259789
"97",97,"FBV 4425",2212,0,5,2015-12-08 00:46:12,1.37476693598508
"98",98,"FBV 4425",6187,0,15,2015-12-07 21:20:58,3.84524549409571
"99",99,"FBV 4425",3039,3,20,2015-12-07 18:55:54,1.88875077688005
"100",100,"FBV 4425",3108,0,15,2015-12-07 18:20:53,1.93163455562461
"101",101,"FHB 1676",4349,3,25,2015-12-08 09:11:34,2.70292106898695
"102",102,"FHB 1676",4128,0,15,2015-12-07 17:45:52,2.5655686761964
"103",103,"FHB 1676",3148,3,15,2015-12-07 17:05:51,1.95649471721566
"104",104,"FHB 1676",2897,0,30,2015-12-07 15:55:49,1.80049720323182
"105",105,"FHB 2833",13698,10,25,2015-12-08 11:56:46,8.51336233685519
"106",106,"FGZ 8811",534,3,85,2015-12-08 11:16:41,0.331883157240522
"107",107,"FGZ 8811",2474,0,40,2015-12-08 09:56:36,1.53760099440646
"108",108,"FGZ 8811",3448,3,70,2015-12-07 17:50:52,2.14294592914854
"109",109,"FGZ 8811",4349,6,35,2015-12-07 16:25:50,2.70292106898695
"110",110,"FGZ 8811",1746,3,10,2015-12-07 14:50:48,1.08514605344935
"111",111,"FGZ 9137",4029,3,5,2015-12-07 19:50:56,2.50403977625855
"112",112,"FGZ 9137",33,3,60,2015-12-07 18:35:54,0.0205096333126165
"113",113,"FGZ 9137",2455,0,20,2015-12-07 17:10:51,1.52579241765071
"114",114,"FGZ 9137",2614,4,30,2015-12-07 15:15:48,1.62461155997514
"115",115,"FGZ 9137",77,0,15,2015-12-07 14:10:47,0.0478558110627719
"116",116,"CSF 8929",1974,0,10,2015-12-08 13:06:52,1.22684897451833
"117",117,"CSF 8929",1699,0,15,2015-12-08 12:16:48,1.05593536357986
"118",118,"CSF 8929",4218,0,20,2015-12-08 09:21:35,2.62150403977626
"119",119,"CSF 8929",4662,0,15,2015-12-07 23:16:08,2.89745183343692
"120",120,"CSF 8929",2374,0,20,2015-12-07 16:40:51,1.47545059042884
"121",121,"FGZ 8617",1,0,0,2015-12-08 01:16:13,0.000621504039776259
"122",122,"FGZ 8621",12164,0,20,2015-12-07 18:55:54,7.55997513983841
"123",123,"FGZ 8621",918,3,15,2015-12-07 18:35:54,0.570540708514605
"124",124,"FHB 1328",5552,3,20,2015-12-07 15:35:49,3.45059042883779
"125",125,"FGZ 8677",3949,0,15,2015-12-07 20:15:56,2.45431945307645
"126",126,"FGZ 8677",5364,3,35,2015-12-07 17:40:52,3.33374766935985
"127",127,"FHB 2830",3257,0,-15,2015-12-07 19:45:56,2.02423865755127
"128",128,"FHB 2830",11677,6,95,2015-12-07 17:20:52,7.25730267246737
"129",129,"FHB 2830",5698,3,85,2015-12-07 15:35:49,3.54133001864512
"130",130,"FGZ 8679",1700,-73,150,2015-12-08 07:51:31,1.05655686761964
"131",131,"CZT 1028",2247,0,25,2015-12-08 09:01:34,1.39651957737725
"132",132,"FBV 4472",4704,3,15,2015-12-08 08:41:33,2.92355500310752
"133",133,"FBV 4472",3174,0,15,2015-12-08 08:11:32,1.97265382224984
"134",134,"CZT 0996",519,3,100,2015-12-08 11:31:42,0.322560596643878
"135",135,"CZT 0996",10835,3,30,2015-12-08 09:21:35,6.73399627097576
"136",136,"CSF 9062",2011,0,35,2015-12-08 07:41:31,1.24984462399006
"137",137,"CSF 9062",2450,3,35,2015-12-07 16:00:49,1.52268489745183
"138",138,"FGZ 8801",10896,3,15,2015-12-08 08:56:34,6.77190801740211
"139",139,"FGZ 8801",2172,0,10,2015-12-07 19:30:55,1.34990677439403
"140",140,"FGZ 8627",4598,3,35,2015-12-08 07:36:30,2.85767557489124
"141",141,"FGZ 8627",1104,0,5,2015-12-08 06:41:28,0.686140459912989
"142",142,"FGZ 8627",9870,3,50,2015-12-08 05:01:23,6.13424487259167
"143",143,"FGZ 8627",6307,0,30,2015-12-07 16:40:51,3.91982597886886
"144",144,"FGZ 8613",3057,0,10,2015-12-08 08:56:34,1.89993784959602
"145",145,"FGZ 8613",2927,0,20,2015-12-07 17:50:52,1.81914232442511
"146",146,"FGZ 8613",816,0,20,2015-12-07 17:25:52,0.507147296457427
"147",147,"CZS 9744",945,0,5,2015-12-08 10:56:39,0.587321317588564
"148",148,"CZS 9744",5670,3,10,2015-12-08 09:11:34,3.52392790553139
"149",149,"CZS 9744",7110,0,20,2015-12-07 23:31:09,4.4188937228092
"150",150,"CZS 9744",869,0,5,2015-12-07 18:05:53,0.540087010565569
"151",151,"FBV 4380",6772,3,40,2015-12-08 12:01:46,4.20882535736482
"152",152,"FBV 4380",1809,0,35,2015-12-08 08:36:33,1.12430080795525
"153",153,"FBV 4380",3868,0,10,2015-12-07 23:16:08,2.40397762585457
"154",154,"FBV 4380",131,3,70,2015-12-07 18:05:53,0.0814170292106899
"155",155,"FBV 4380",3760,0,10,2015-12-07 17:00:51,2.33685518955873
"156",156,"FHB 2855",1456,0,10,2015-12-08 10:06:37,0.904909881914232
"157",157,"FHB 2855",1827,0,35,2015-12-07 19:05:55,1.13548788067122
"158",158,"FHB 2855",1606,0,35,2015-12-07 17:50:52,0.998135487880671
"159",159,"CZT 0917",316,3,25,2015-12-07 18:05:53,0.196395276569298
"160",160,"FBV 4475",1755,0,10,2015-12-08 07:56:31,1.09073958980733
"161",161,"FBV 4475",4105,0,30,2015-12-08 02:11:15,2.55127408328154
"162",162,"CZT 1031",4154,0,15,2015-12-07 19:45:56,2.58172778123058
"163",163,"CZT 1031",2763,0,40,2015-12-07 18:35:54,1.7172156619018
"164",164,"CZT 1031",1036,0,5,2015-12-07 16:55:51,0.643878185208204
"165",165,"FJC 9932",2506,3,20,2015-12-08 09:41:36,1.5574891236793
"166",166,"FJC 9932",1196,6,100,2015-12-08 07:41:31,0.743318831572405
"167",167,"FJC 9932",1364,0,5,2015-12-07 18:45:54,0.847731510254817
"168",168,"FJC 9932",3525,3,15,2015-12-07 17:15:51,2.19080174021131
"169",169,"CK9 T292",400,3,100,2015-12-07 19:00:54,0.248601615910503
"170",170,"CK9 T292",8873,0,25,2015-12-07 17:45:52,5.51460534493474
"171",171,"FHB 2859",4950,0,250,2015-12-07 15:05:48,3.07644499689248
"172",172,"CYL 4638",11406,0,60,2015-12-08 08:01:31,7.08887507768801
"173",173,"CYL 4638",3873,0,45,2015-12-07 17:05:51,2.40708514605345
"174",174,"CZS 9746",3728,3,20,2015-12-08 12:41:50,2.31696706028589
"175",175,"CZS 9746",3898,3,135,2015-12-08 09:01:34,2.42262274704786
"176",176,"CZS 9746",2847,0,30,2015-12-08 08:21:32,1.76942200124301
"177",177,"CZS 9746",735,0,10,2015-12-07 15:50:49,0.45680546923555
"178",178,"CZS 9746",3593,3,15,2015-12-07 14:05:47,2.2330640149161
"179",179,"CK9 T267",5568,0,55,2015-12-07 22:46:07,3.46053449347421
"180",180,"FHB 2840",698,0,15,2015-12-08 13:11:53,0.433809819763828
"181",181,"FHB 2840",1656,0,20,2015-12-07 19:05:55,1.02921068986948
"182",182,"FHB 2840",7001,3,25,2015-12-07 18:10:53,4.35114978247359
"183",183,"FHB 2840",1596,0,5,2015-12-07 17:20:52,0.991920447482909
"184",184,"FHB 2840",1660,0,5,2015-12-07 16:55:51,1.03169670602859
"185",185,"FHB 2840",0,0,0,2015-12-07 16:10:50,0
"186",186,"FHB 2840",7712,3,20,2015-12-07 14:50:48,4.79303915475451
"187",187,"FHB 2840",1539,0,40,2015-12-07 13:50:46,0.956494717215662
"188",188,"FGZ 8689",5346,0,15,2015-12-08 12:21:49,3.32256059664388
"189",189,"FGZ 8689",0,0,130,2015-12-08 10:06:37,0
"190",190,"FGZ 8689",4979,3,35,2015-12-08 08:01:31,3.09446861404599
"191",191,"FGZ 8689",4232,0,25,2015-12-07 17:40:52,2.63020509633313
"192",192,"FGZ 8689",2306,3,15,2015-12-07 17:15:51,1.43318831572405
"193",193,"FGZ 8689",998,3,75,2015-12-07 15:25:49,0.620261031696706
"194",194,"FGZ 8689",952,0,10,2015-12-07 14:15:47,0.591671845866998
"195",195,"FGZ 8689",2295,3,20,2015-12-07 13:50:46,1.42635177128651
"196",196,"CSF 9072",3904,3,25,2015-12-08 07:36:30,2.42635177128651
"197",197,"FHB 1334",4249,0,15,2015-12-08 10:11:37,2.64077066500932
"198",198,"FHB 1334",14405,0,35,2015-12-07 23:01:07,8.952765692977
"199",199,"FHB 1334",8980,0,25,2015-12-07 19:10:55,5.5811062771908
"200",200,"FHB 1334",2627,0,40,2015-12-07 17:35:52,1.63269111249223
"201",201,"FJC 9930",3624,0,25,2015-12-08 12:51:51,2.25233064014916
"202",202,"FJC 9930",3724,0,10,2015-12-08 08:46:33,2.31448104412679
"203",203,"FJC 9930",6207,3,35,2015-12-07 18:20:53,3.85767557489124
"204",204,"FJC 9930",3033,9,60,2015-12-07 16:25:50,1.88502175264139
"205",205,"FJC 9930",2765,3,10,2015-12-07 15:05:48,1.71845866998135
"206",206,"FHB 2898",3272,0,35,2015-12-08 12:16:48,2.03356121814792
"207",207,"FHB 2898",4573,0,40,2015-12-08 10:26:38,2.84213797389683
"208",208,"FHB 2898",2233,3,10,2015-12-08 09:31:35,1.38781852082039
"209",209,"FHB 2898",18162,0,25,2015-12-08 07:06:29,11.2877563704164
"210",210,"FHB 2898",1429,0,25,2015-12-07 23:11:08,0.888129272840273
"211",211,"FHB 2898",4228,3,45,2015-12-07 17:15:51,2.62771908017402
"212",212,"FHB 2898",866,3,5,2015-12-07 13:40:46,0.53822249844624
"213",213,"FFD 7841",3309,0,30,2015-12-08 00:06:09,2.05655686761964
"214",214,"FFD 7841",5206,3,25,2015-12-07 18:10:53,3.2355500310752
"215",215,"FGZ 8804",4398,0,10,2015-12-08 10:16:37,2.73337476693598
"216",216,"FGZ 8804",3205,0,40,2015-12-07 17:40:52,1.99192044748291
"217",217,"FGZ 8804",1294,0,10,2015-12-07 14:50:48,0.804226227470479
"218",218,"FBV 4382",5921,0,30,2015-12-08 09:21:35,3.67992541951523
"219",219,"FHB 0243",4153,3,25,2015-12-08 10:51:39,2.5811062771908
"220",220,"FHB 0243",3981,0,25,2015-12-07 18:25:53,2.47420758234929
"221",221,"CSG 1542",9129,0,30,2015-12-08 09:21:35,5.67371037911746
"222",222,"CSG 1542",5924,3,30,2015-12-07 18:35:54,3.68178993163456
"223",223,"CSG 1542",7191,0,20,2015-12-07 16:15:50,4.46923555003108
"224",224,"CSG 1542",7240,3,30,2015-12-07 15:15:48,4.49968924798011
"225",225,"CSG 1542",3904,0,5,2015-12-07 14:15:47,2.42635177128651
"226",226,"FGZ 8809",6671,0,25,2015-12-07 19:20:55,4.14605344934742
"227",227,"FHB 1332",5558,0,15,2015-12-08 13:06:52,3.45431945307645
"228",228,"FHB 1332",5639,0,25,2015-12-08 10:06:37,3.50466128029832
"229",229,"FHB 1332",1121,0,5,2015-12-07 15:40:49,0.696706028589186
"230",230,"FHB 1332",948,3,20,2015-12-07 14:30:47,0.589185829707893
"231",231,"FJD 0194",5447,0,10,2015-12-08 09:11:34,3.38533250466128
"232",232,"FJD 0194",5316,0,30,2015-12-07 21:56:05,3.30391547545059
"233",233,"FJD 0194",72,0,10,2015-12-07 21:36:01,0.0447482908638906
"234",234,"FJD 0194",0,0,0,2015-12-07 20:40:57,0
"235",235,"FJD 0194",4600,0,255,2015-12-07 16:20:50,2.85891858297079
"236",236,"FJD 0193",1624,3,20,2015-12-08 09:06:34,1.00932256059664
"237",237,"FBV 4470",770,0,25,2015-12-08 11:26:42,0.478558110627719
"238",238,"FBV 4470",3391,0,10,2015-12-08 08:41:33,2.10752019888129
"239",239,"FBV 4470",591,0,35,2015-12-07 19:15:55,0.367308887507769
"240",240,"FBV 4470",649,0,0,2015-12-07 13:55:47,0.403356121814792
"241",241,"FHB 1331",3135,3,10,2015-12-08 09:46:36,1.94841516469857
"242",242,"FHB 1331",3673,0,30,2015-12-08 07:16:29,2.2827843380982
"243",243,"FHB 1331",11083,0,20,2015-12-08 06:36:27,6.88812927284027
"244",244,"FHB 1331",11244,6,80,2015-12-07 17:10:51,6.98819142324425
"245",245,"FBV 4371",3674,3,20,2015-12-08 12:31:49,2.28340584213797
"246",246,"FBV 4371",4564,0,35,2015-12-08 09:21:35,2.83654443753884
"247",247,"FBV 4371",4367,0,10,2015-12-07 19:20:55,2.71410814170292
"248",248,"FBV 4371",5673,3,10,2015-12-07 18:50:54,3.52579241765071
"249",249,"FBV 4371",4136,3,25,2015-12-07 18:20:53,2.57054070851461
"250",250,"FBV 4371",11188,3,45,2015-12-07 17:20:52,6.95338719701678
"251",251,"CZS 9745",1203,0,5,2015-12-08 12:16:48,0.747669359850839
"252",252,"FGZ 9139",3234,3,15,2015-12-08 13:01:52,2.00994406463642
"253",253,"FGZ 9139",12931,0,20,2015-12-07 23:46:09,8.0366687383468
"254",254,"FGZ 9139",16622,3,30,2015-12-07 20:30:56,10.330640149161
"255",255,"FGZ 9139",15673,0,25,2015-12-07 15:45:49,9.7408328154133
"256",256,"CZT 0921",3889,0,15,2015-12-08 11:36:45,2.41702921068987
"257",257,"CZT 1027",4786,0,10,2015-12-08 06:41:28,2.97451833436917
"258",258,"CZT 1027",2114,3,10,2015-12-08 06:06:26,1.31385954008701
"259",259,"CZT 1027",3436,0,10,2015-12-07 14:40:48,2.13548788067122
"260",260,"FJC 9937",4427,3,25,2015-12-07 18:30:54,2.7513983840895
"261",261,"FJC 9937",3144,0,25,2015-12-07 18:00:53,1.95400870105656
"262",262,"FJC 9937",2192,0,25,2015-12-07 17:25:52,1.36233685518956
"263",263,"FGZ 8625",1578,3,60,2015-12-08 12:21:49,0.980733374766936
"264",264,"FGZ 8625",5748,0,10,2015-12-08 08:11:32,3.57240522063393
"265",265,"FGZ 8625",9929,3,25,2015-12-08 03:21:18,6.17091361093847
"266",266,"FGZ 8625",2667,0,15,2015-12-07 19:50:56,1.65755127408328
"267",267,"FGZ 8625",7494,6,20,2015-12-07 19:25:55,4.65755127408328
"268",268,"FGZ 8625",3428,0,20,2015-12-07 18:05:53,2.13051584835301
"269",269,"FGZ 8625",0,0,0,2015-12-07 15:20:49,0
"270",270,"FGZ 8625",3884,3,25,2015-12-07 14:35:48,2.41392169049099
"271",271,"CZT 0916",165,3,20,2015-12-07 14:40:48,0.102548166563083
"272",272,"FBV 4492",965,3,100,2015-12-08 11:06:41,0.59975139838409
"273",273,"FBV 4492",3358,0,30,2015-12-08 08:11:32,2.08701056556868
"274",274,"FBV 4492",1952,0,10,2015-12-08 07:56:31,1.21317588564326
"275",275,"FBV 4492",3533,3,35,2015-12-08 06:21:27,2.19577377252952
"276",276,"FBV 4492",4008,0,25,2015-12-07 15:15:48,2.49098819142324
"277",277,"FHB 2854",6628,0,10,2015-12-08 10:01:37,4.11932877563704
"278",278,"CZT 1029",2785,0,20,2015-12-08 12:01:46,1.73088875077688
"279",279,"CZT 1029",2494,3,10,2015-12-07 23:26:08,1.55003107520199
"280",280,"CZT 1029",462,0,10,2015-12-07 23:11:08,0.287134866376631
"281",281,"FBV 4427",2570,3,30,2015-12-08 07:51:31,1.59726538222498
"282",282,"FBV 4427",227,0,115,2015-12-07 18:50:54,0.141081417029211
"283",283,"FBV 4427",7561,12,85,2015-12-07 13:50:46,4.69919204474829
"284",284,"FHB 1329",6201,3,10,2015-12-08 11:56:46,3.85394655065258
"285",285,"FHB 1329",7379,0,15,2015-12-08 06:16:26,4.58607830950901
"286",286,"FHB 1329",2976,0,15,2015-12-07 18:20:53,1.84959602237415
"287",287,"FHB 1329",2369,3,5,2015-12-07 18:05:53,1.47234307022996
"288",288,"CZT 0995",4508,0,40,2015-12-07 17:15:51,2.80174021131137
"289",289,"FBV 4467",2489,0,20,2015-12-08 09:51:36,1.54692355500311
"290",290,"FBV 4467",5177,0,10,2015-12-08 09:21:35,3.21752641392169
"291",291,"FBV 4467",2360,0,25,2015-12-07 17:50:52,1.46674953387197
"292",292,"CSF 9066",7802,0,40,2015-12-08 09:16:35,4.84897451833437
"293",293,"CSF 9066",3987,3,20,2015-12-08 08:41:33,2.47793660658794
"294",294,"CSF 9066",6157,0,20,2015-12-08 05:06:24,3.82660037290242
"295",295,"CSF 9066",87,0,15,2015-12-07 18:10:53,0.0540708514605345
"296",296,"CSF 9066",6899,3,55,2015-12-07 17:00:51,4.28775637041641
"297",297,"CSF 9066",2403,0,10,2015-12-07 14:45:48,1.49347420758235
"298",298,"CSF 9066",1654,3,10,2015-12-07 14:30:47,1.02796768178993
"299",299,"FHB 2870",0,0,50,2015-12-08 11:21:41,0
"300",300,"FHB 2870",998,0,10,2015-12-07 17:00:51,0.620261031696706
"301",301,"FHB 2870",6120,3,20,2015-12-07 14:30:47,3.8036047234307
"302",302,"CYL 4626",4637,3,20,2015-12-07 17:45:52,2.88191423244251
"303",303,"CK9 T246",74,0,5,2015-12-08 13:01:52,0.0459912989434431
"304",304,"CK9 T246",12213,0,40,2015-12-07 17:30:52,7.59042883778745
"305",305,"CK9 T246",2418,0,25,2015-12-07 16:35:51,1.50279676817899
"306",306,"FHB 2839",9242,0,25,2015-12-08 12:41:50,5.74394033561218
"307",307,"FHB 2839",8119,3,10,2015-12-08 10:51:39,5.04599129894344
"308",308,"FHB 2839",6576,3,25,2015-12-08 08:41:33,4.08701056556868
"309",309,"FBV 4393",4756,3,25,2015-12-07 16:25:50,2.95587321317589
"310",310,"FBV 4393",471,0,50,2015-12-07 15:10:48,0.292728402734618
"311",311,"CSF 8925",0,0,10,2015-12-08 07:51:31,0
"312",312,"CSF 8925",3277,0,20,2015-12-07 22:26:05,2.0366687383468
"313",313,"CSF 8925",7389,0,30,2015-12-07 21:15:58,4.59229334990677
"314",314,"CSF 8925",7687,0,20,2015-12-07 20:25:56,4.7775015537601
"315",315,"CSF 8925",4901,0,25,2015-12-07 16:50:51,3.04599129894344
"316",316,"CSF 9064",700,0,60,2015-12-07 16:40:51,0.435052827843381
"317",317,"FGZ 8810",5640,0,25,2015-12-08 09:06:34,3.5052827843381
"318",318,"FGZ 8810",4229,0,30,2015-12-08 01:16:13,2.6283405842138
"319",319,"FGZ 8810",3396,0,15,2015-12-07 17:00:51,2.11062771908017
"320",320,"FGZ 8615",0,0,10,2015-12-08 07:56:31,0
"321",321,"FGZ 8615",3853,3,20,2015-12-07 17:20:52,2.39465506525792
"322",322,"CSG 1543",2601,3,10,2015-12-08 10:26:38,1.61653200745805
"323",323,"CSG 1543",1076,0,15,2015-12-08 09:51:36,0.668738346799254
"324",324,"CSG 1543",2843,0,45,2015-12-08 07:11:29,1.7669359850839
"325",325,"CSG 1543",2962,3,50,2015-12-07 22:26:05,1.84089496581728
"326",326,"CSG 1543",3385,0,20,2015-12-07 20:40:57,2.10379117464264
"327",327,"CSG 1543",1237,0,5,2015-12-07 14:10:47,0.768800497203232
"328",328,"FBV 4368",1170,0,25,2015-12-08 12:06:47,0.727159726538222
"329",329,"FBV 4368",5454,3,15,2015-12-08 11:41:46,3.38968303293971
"330",330,"FBV 4368",4212,0,45,2015-12-08 08:21:32,2.6177750155376
"331",331,"FBV 4368",6056,3,20,2015-12-07 20:00:56,3.76382846488502
"332",332,"FBV 4368",6517,4,40,2015-12-07 14:55:48,4.05034182722188
"333",333,"CZT 0935",3479,3,15,2015-12-08 12:21:49,2.1622125543816
"334",334,"CZT 0935",3052,0,10,2015-12-08 08:06:32,1.89683032939714
"335",335,"CZT 0935",2659,0,10,2015-12-08 06:46:28,1.65257924176507
"336",336,"CZT 0935",2563,3,35,2015-12-07 21:36:01,1.59291485394655
"337",337,"CZT 0935",1078,0,15,2015-12-07 20:00:56,0.669981354878807
"338",338,"CZT 0935",6868,0,15,2015-12-07 18:55:54,4.26848974518334
"339",339,"FBV 4431",0,0,20,2015-12-08 08:51:34,0
"340",340,"FBV 4360",3636,0,10,2015-12-08 12:11:48,2.25978868862648
"341",341,"FBV 4360",3726,0,5,2015-12-08 10:51:39,2.31572405220634
"342",342,"CZS 9749",1,3,45,2015-12-08 11:46:46,0.000621504039776259
"343",343,"CZS 9749",3516,6,45,2015-12-08 10:26:38,2.18520820385333
"344",344,"CZS 9749",1741,0,25,2015-12-08 09:31:35,1.08203853325047
"345",345,"CZS 9749",5621,0,40,2015-12-08 08:36:33,3.49347420758235
"346",346,"CZS 9749",4342,3,30,2015-12-07 19:30:55,2.69857054070851
"347",347,"CZS 9749",961,0,5,2015-12-07 18:00:53,0.597265382224984
"348",348,"CZS 9749",2515,0,10,2015-12-07 15:50:49,1.56308266003729
"349",349,"CZS 9749",1827,0,5,2015-12-07 14:35:48,1.13548788067122
"350",350,"FBV 4429",8391,3,40,2015-12-07 17:40:52,5.21504039776259
"351",351,"FBV 4436",3026,3,65,2015-12-08 09:26:35,1.88067122436296
"352",352,"FBV 4436",3305,3,20,2015-12-07 19:00:54,2.05407085146053
"353",353,"FGZ 8846",3229,3,25,2015-12-08 08:36:33,2.00683654443754
"354",354,"FGZ 8846",5882,0,45,2015-12-08 04:26:22,3.65568676196395
"355",355,"FGZ 8846",2431,3,45,2015-12-07 14:55:48,1.51087632069608
"356",356,"CSG 2236",2845,0,10,2015-12-08 09:41:36,1.76817899316346
"357",357,"CSG 2236",2763,0,10,2015-12-08 07:56:31,1.7172156619018
"358",358,"CSG 2236",5286,4,10,2015-12-08 06:26:27,3.2852703542573
"359",359,"CSG 2236",0,0,5,2015-12-07 23:01:07,0
"360",360,"CSG 2236",3599,0,20,2015-12-07 18:25:53,2.23679303915475
"361",361,"CSG 2236",2875,0,85,2015-12-07 15:05:48,1.78682411435674
"362",362,"FBV 4369",3759,0,20,2015-12-08 09:21:35,2.33623368551896
"363",363,"FBV 4369",2003,3,5,2015-12-07 17:15:51,1.24487259167185
"364",364,"FBV 4369",1393,3,40,2015-12-07 14:15:47,0.865755127408328
"365",365,"FBV 4423",190,0,10,2015-12-08 01:31:14,0.118085767557489
"366",366,"FBV 4423",5707,3,25,2015-12-07 21:26:00,3.54692355500311
"367",367,"FBV 4487",3879,3,10,2015-12-08 08:16:32,2.41081417029211
"368",368,"FBV 4487",1356,0,25,2015-12-08 06:26:27,0.842759477936607
"369",369,"FBV 4487",1330,0,5,2015-12-08 06:16:26,0.826600372902424
"370",370,"FBV 4487",739,0,0,2015-12-07 17:45:52,0.459291485394655
"371",371,"FBV 4487",317,0,0,2015-12-07 17:00:51,0.197016780609074
"372",372,"FGZ 8800",5666,0,20,2015-12-07 22:01:05,3.52144188937228
"373",373,"FGZ 8800",1865,0,10,2015-12-07 20:00:56,1.15910503418272
"374",374,"FGZ 8800",2097,0,15,2015-12-07 18:05:53,1.30329397141081
"375",375,"FHB 2827",2016,-67,15,2015-12-08 11:21:41,1.25295214418894
"376",376,"FHB 2827",0,0,0,2015-12-08 11:16:41,0
"377",377,"FJC 9926",5531,0,45,2015-12-08 10:16:37,3.43753884400249
"378",378,"FJC 9926",1511,0,10,2015-12-07 23:06:07,0.939092604101927
"379",379,"FJC 9926",8818,3,20,2015-12-07 17:25:52,5.48042262274705
"380",380,"FJC 9926",7886,0,15,2015-12-07 15:40:49,4.90118085767558
"381",381,"CYL 4629",10263,0,30,2015-12-07 20:35:57,6.37849596022374
"382",382,"CYL 4629",643,6,35,2015-12-07 19:50:56,0.399627097576134
"383",383,"CYL 4629",1694,0,15,2015-12-07 18:10:53,1.05282784338098
"384",384,"FBV 4364",9102,3,25,2015-12-08 11:26:42,5.65692977004351
"385",385,"FBV 4364",6364,3,40,2015-12-08 07:16:29,3.95525170913611
"386",386,"FBV 4364",6135,3,25,2015-12-08 00:36:10,3.81292728402735
"387",387,"FBV 4364",5890,3,40,2015-12-07 21:31:01,3.66065879428216
"388",388,"FBV 4364",2553,3,10,2015-12-07 18:00:53,1.58669981354879
"389",389,"FBV 4364",2382,0,10,2015-12-07 17:40:52,1.48042262274705
"390",390,"FBV 4364",2372,3,45,2015-12-07 16:40:51,1.47420758234929
"391",391,"FFD 7840",17454,0,75,2015-12-08 06:26:27,10.8477315102548
"392",392,"FFD 7840",5652,0,30,2015-12-07 18:00:53,3.51274083281541
"393",393,"FFD 7840",2860,0,30,2015-12-07 17:15:51,1.7775015537601
"394",394,"CZT 0919",2247,0,30,2015-12-08 10:41:39,1.39651957737725
"395",395,"CZT 0919",9085,3,15,2015-12-08 10:01:37,5.64636420136731
"396",396,"FHB 2863",5794,0,10,2015-12-08 10:56:39,3.60099440646364
"397",397,"FHB 2863",4839,3,25,2015-12-07 17:10:51,3.00745804847732
"398",398,"FHB 2860",2468,0,35,2015-12-08 08:11:32,1.53387197016781
"399",399,"FHB 2860",1695,3,20,2015-12-07 22:06:05,1.05344934742076
"400",400,"CZT 1026",3447,0,35,2015-12-08 09:51:36,2.14232442510876
"401",401,"CSG 1099",3802,0,15,2015-12-08 12:01:46,2.36295835922934
"402",402,"CSG 1099",6593,3,20,2015-12-08 07:41:31,4.09757613424487
"403",403,"FHB 0246",9870,0,40,2015-12-08 07:11:29,6.13424487259167
"404",404,"FHB 0246",6371,3,20,2015-12-07 20:40:57,3.95960223741454
"405",405,"FHB 0246",2479,3,15,2015-12-07 19:55:56,1.54070851460534
"406",406,"FGZ 8803",9097,0,45,2015-12-08 10:26:38,5.65382224984462
"407",407,"FGZ 8803",4455,3,50,2015-12-08 08:16:32,2.76880049720323
"408",408,"FGZ 8803",1865,0,20,2015-12-07 19:30:55,1.15910503418272
"409",409,"FGZ 8803",5441,3,45,2015-12-07 17:40:52,3.38160348042262
"410",410,"FBV 4359",4198,3,25,2015-12-08 13:01:52,2.60907395898073
"411",411,"FBV 4359",6656,0,20,2015-12-08 09:01:34,4.13673088875078
"412",412,"FBV 4359",3087,3,10,2015-12-08 08:46:33,1.91858297078931
"413",413,"FBV 4359",3111,0,25,2015-12-07 17:55:53,1.93349906774394
"414",414,"FBV 4359",463,3,0,2015-12-07 17:20:52,0.287756370416408
"415",415,"FBV 4359",2741,0,35,2015-12-07 16:35:51,1.70354257302672
"416",416,"FHB 2858",887,0,10,2015-12-08 11:56:46,0.551274083281541
"417",417,"FHB 2858",7744,0,25,2015-12-08 08:36:33,4.81292728402735
"418",418,"GGG 3722",3841,0,15,2015-12-08 10:56:39,2.38719701678061
"419",419,"GGG 3722",6563,3,25,2015-12-08 08:21:32,4.07893101305158
"420",420,"GGG 3722",7885,0,25,2015-12-08 01:41:14,4.9005593536358
"421",421,"GGG 3722",7505,3,30,2015-12-07 20:10:56,4.66438781852082
"422",422,"FFD 6224",7244,0,30,2015-12-08 12:51:51,4.50217526413922
"423",423,"FFD 6224",3153,-85,35,2015-12-08 08:56:34,1.95960223741454
"424",424,"FFD 6224",4424,3,20,2015-12-08 07:36:30,2.74953387197017
"425",425,"FFD 6224",4703,0,20,2015-12-07 19:00:54,2.92293349906774
"426",426,"FFD 6224",3882,0,15,2015-12-07 18:35:54,2.41267868241144
"427",427,"FFD 6224",4590,3,40,2015-12-07 17:00:51,2.85270354257303
"428",428,"FFD 6224",15,0,0,2015-12-07 16:45:51,0.00932256059664388
"429",429,"FFD 6224",5521,3,20,2015-12-07 16:05:50,3.43132380360472
"430",430,"CK9 T255",5562,4,30,2015-12-08 12:26:49,3.45680546923555
"431",431,"CK9 T255",849,0,5,2015-12-07 21:00:58,0.527656929770044
"432",432,"CK9 T255",760,0,15,2015-12-07 20:05:56,0.472343070229956
"433",433,"CK9 T255",5063,0,20,2015-12-07 18:05:53,3.1466749533872
"434",434,"CK9 T255",5085,0,25,2015-12-07 16:55:51,3.16034804226227
"435",435,"CK9 T255",4434,0,20,2015-12-07 16:25:50,2.75574891236793
"436",436,"FGZ 8813",2597,0,5,2015-12-08 07:51:31,1.61404599129894
"437",437,"FGZ 8813",7560,3,10,2015-12-08 00:11:09,4.69857054070851
"438",438,"FGZ 8813",1273,12,275,2015-12-07 14:15:47,0.791174642635177
"439",439,"FHB 2862",4434,0,15,2015-12-08 12:21:49,2.75574891236793
"440",440,"FHB 2862",0,0,10,2015-12-08 10:31:38,0
"441",441,"FHB 2862",0,3,40,2015-12-08 08:26:33,0
"442",442,"FHB 2862",4626,3,15,2015-12-07 14:55:48,2.87507768800497
"443",443,"FBV 4439",0,0,25,2015-12-08 00:56:12,0
"444",444,"FBV 4439",4396,0,40,2015-12-07 18:35:54,2.73213175885643
"445",445,"FGZ 8812",4909,3,60,2015-12-08 08:06:32,3.05096333126165
"446",446,"FGZ 8812",132,3,45,2015-12-07 21:00:58,0.0820385332504661
"447",447,"FGZ 8812",7558,3,50,2015-12-07 16:50:51,4.69732753262896
"448",448,"FGZ 8812",6043,0,15,2015-12-07 16:30:50,3.75574891236793
"449",449,"FHB 2845",5164,0,15,2015-12-07 17:50:52,3.2094468614046
"450",450,"FJC 9779",5503,0,15,2015-12-08 09:36:35,3.42013673088875
"451",451,"FJC 9779",5318,3,40,2015-12-07 17:45:52,3.30515848353014
"452",452,"FJC 9779",372,3,40,2015-12-07 15:50:49,0.231199502796768
"453",453,"FJC 9936",2512,0,35,2015-12-08 10:46:39,1.56121814791796
"454",454,"FBV 4437",5487,0,40,2015-12-08 12:06:47,3.41019266625233
"455",455,"FHB 0247",0,0,0,2015-12-08 08:16:32,0
"456",456,"FHB 0247",0,0,15,2015-12-08 07:51:31,0
"457",457,"CZS 9754",4471,3,15,2015-12-08 08:36:33,2.77874456183965
"458",458,"CZS 9754",1458,0,20,2015-12-08 07:26:30,0.906152889993785
"459",459,"CZS 9754",5316,6,15,2015-12-07 22:36:06,3.30391547545059
"460",460,"FJC 9935",10488,3,30,2015-12-07 23:56:09,6.5183343691734
"461",461,"FJC 9935",3261,0,15,2015-12-07 21:51:04,2.02672467371038
"462",462,"FJC 9935",1616,3,25,2015-12-07 18:50:54,1.00435052827843
"463",463,"FJC 9935",1417,0,35,2015-12-07 16:00:49,0.880671224362958
"464",464,"FJC 9938",4805,3,10,2015-12-08 11:21:41,2.98632691112492
"465",465,"FJC 9938",4953,0,15,2015-12-08 10:21:38,3.07830950901181
"466",466,"FJC 9938",4498,3,10,2015-12-08 05:51:25,2.79552517091361
"467",467,"FJC 9938",4968,3,20,2015-12-07 18:30:54,3.08763206960845
"468",468,"FJC 9938",2870,0,20,2015-12-07 15:50:49,1.78371659415786
"469",469,"FHB 0205",1688,0,15,2015-12-08 10:56:39,1.04909881914232
"470",470,"FHB 0205",282,3,20,2015-12-08 10:11:37,0.175264139216905
"471",471,"FHB 0205",9177,0,25,2015-12-08 09:31:35,5.70354257302672
"472",472,"FHB 0205",9477,3,15,2015-12-07 21:26:00,5.8899937849596
"473",473,"FHB 0205",8170,0,20,2015-12-07 20:30:56,5.07768800497203
"474",474,"FHB 0205",7031,3,30,2015-12-07 19:35:55,4.36979490366687
"475",475,"FHB 0205",6922,0,30,2015-12-07 17:40:52,4.30205096333126
"476",476,"FHB 0205",4729,3,40,2015-12-07 16:35:51,2.93909260410193
"477",477,"FHB 0205",4942,0,10,2015-12-07 14:45:48,3.07147296457427
"478",478,"CZS 9752",656,3,180,2015-12-08 09:21:35,0.407706650093226
"479",479,"CZS 9752",973,3,25,2015-12-08 07:26:30,0.6047234307023
"480",480,"CZS 9752",730,0,30,2015-12-07 18:15:53,0.453697949036669
"481",481,"CZS 9752",5770,3,20,2015-12-07 17:25:52,3.58607830950901
"482",482,"FHB 2834",3237,-70,325,2015-12-08 08:01:31,2.01180857675575
"483",483,"FHB 2834",3043,3,15,2015-12-07 18:35:54,1.89123679303915
"484",484,"FHB 1333",13697,0,55,2015-12-08 08:11:32,8.51274083281541
"485",485,"GGG 3721",3242,0,1041,2015-12-07 17:45:52,2.01491609695463
"486",486,"FJC 9790",4321,3,15,2015-12-08 12:56:51,2.68551895587321
"487",487,"FJC 9790",4439,0,10,2015-12-08 12:36:50,2.75885643256681
"488",488,"FJC 9790",7241,3,20,2015-12-08 07:31:30,4.50031075201989
"489",489,"FJC 9790",5438,0,20,2015-12-08 01:51:14,3.37973896830329
"490",490,"FJC 9790",1800,0,5,2015-12-07 21:00:58,1.11870727159727
"491",491,"FJC 9790",4329,0,15,2015-12-07 18:55:54,2.69049098819142
"492",492,"FJC 9790",3625,3,25,2015-12-07 18:00:53,2.25295214418894
"493",493,"FBV 4377",3430,0,30,2015-12-08 07:46:31,2.13175885643257
"494",494,"FBV 4377",5507,0,20,2015-12-08 00:16:10,3.42262274704786
"495",495,"FBV 4377",2446,0,25,2015-12-07 17:10:51,1.52019888129273
"496",496,"FBV 4388",5130,3,15,2015-12-08 11:01:41,3.18831572405221
"497",497,"FBV 4388",3602,0,25,2015-12-07 17:00:51,2.23865755127408
"498",498,"FBV 4433",8900,3,15,2015-12-08 00:11:09,5.5313859540087
"499",499,"FBV 4433",6115,3,35,2015-12-07 22:36:06,3.80049720323182
"500",500,"FBV 4433",5360,3,15,2015-12-07 19:00:54,3.33126165320075
"501",501,"FBV 4433",3524,3,15,2015-12-07 18:40:54,2.19018023617154
"502",502,"FBV 4433",1134,0,5,2015-12-07 16:20:50,0.704785581106277
"503",503,"FBV 4433",1141,0,30,2015-12-07 15:40:49,0.709136109384711
"504",504,"FBV 4433",4840,3,15,2015-12-07 14:25:47,3.00807955251709
"505",505,"FGZ 8628",1241,0,15,2015-12-08 12:26:49,0.771286513362337
"506",506,"FGZ 8628",4731,3,20,2015-12-08 09:11:34,2.94033561218148
"507",507,"FHB 2846",13043,3,10,2015-12-08 12:51:51,8.10627719080174
"508",508,"FHB 2846",7499,0,15,2015-12-08 11:41:46,4.66065879428216
"509",509,"FHB 2846",9411,3,50,2015-12-08 08:56:34,5.84897451833437
"510",510,"FHB 2846",0,3,30,2015-12-08 03:41:19,0
"511",511,"FHB 2846",9260,3,25,2015-12-08 03:11:18,5.75512740832815
"512",512,"FHB 2846",4381,0,15,2015-12-08 02:01:15,2.72280919825979
"513",513,"FHB 2846",3148,3,10,2015-12-07 22:16:05,1.95649471721566
"514",514,"CSF 9197",3686,0,35,2015-12-08 10:46:39,2.29086389061529
"515",515,"CSF 9197",2547,9,125,2015-12-08 08:31:33,1.58297078931013
"516",516,"CSF 9197",7640,9,50,2015-12-08 07:36:30,4.74829086389061
"517",517,"FBV 4387",3484,0,10,2015-12-08 11:51:46,2.16532007458048
"518",518,"FBV 4387",3929,3,20,2015-12-07 18:35:54,2.44188937228092
"519",519,"FBV 4387",2161,3,15,2015-12-07 17:45:52,1.34307022995649
"520",520,"FBV 4387",8680,6,45,2015-12-07 15:25:49,5.39465506525792
"521",521,"CZT 0936",3649,0,15,2015-12-07 15:00:48,2.26786824114357
"522",522,"FBV 4435",0,0,15,2015-12-08 07:51:31,0
"523",523,"FHB 2861",1892,0,15,2015-12-08 12:11:48,1.17588564325668
"524",524,"FHB 2861",4884,0,15,2015-12-07 23:26:08,3.03542573026725
"525",525,"FHB 2861",5565,3,25,2015-12-07 20:25:56,3.45866998135488
"526",526,"FHB 2861",1444,0,20,2015-12-07 17:50:52,0.897451833436917
"527",527,"FBV 4389",3186,0,40,2015-12-08 08:21:32,1.98011187072716
"528",528,"FBV 4389",2597,0,15,2015-12-07 18:25:53,1.61404599129894
"529",529,"FBV 4389",2623,0,15,2015-12-07 17:35:52,1.63020509633313
"530",530,"FBV 4389",3832,0,20,2015-12-07 15:50:49,2.38160348042262
"531",531,"FBV 4389",4076,0,25,2015-12-07 15:15:48,2.53325046612803
"532",532,"FBV 4389",6322,0,20,2015-12-07 14:45:48,3.92914853946551
"533",533,"FBV 4385",4972,0,25,2015-12-08 08:46:33,3.09011808576756
"534",534,"FBV 4385",5970,0,25,2015-12-08 07:56:31,3.71037911746426
"535",535,"FBV 4385",2944,0,10,2015-12-07 21:10:58,1.82970789310131
"536",536,"FBV 4357",4294,0,10,2015-12-08 11:16:41,2.66873834679925
"537",537,"FBV 4357",6721,3,40,2015-12-07 19:55:56,4.17712865133623
"538",538,"FBV 4357",3092,0,30,2015-12-07 18:40:54,1.92169049098819
"539",539,"FBV 4357",4966,3,15,2015-12-07 15:50:49,3.0863890615289
"540",540,"FBV 4357",5130,0,15,2015-12-07 14:00:47,3.18831572405221
"541",541,"FBV 4493",12105,0,30,2015-12-08 07:51:31,7.52330640149161
"542",542,"FBV 4493",6555,3,20,2015-12-07 17:35:52,4.07395898073337
"543",543,"FBV 4493",6520,3,15,2015-12-07 14:50:48,4.05220633934121
"544",544,"FHB 1336",3365,3,15,2015-12-07 14:55:48,2.09136109384711
"545",545,"CSF 8931",4616,0,25,2015-12-07 16:55:51,2.86886264760721
"546",546,"CSF 9195",10579,0,25,2015-12-08 09:51:36,6.57489123679304
"547",547,"CSF 9195",18947,3,30,2015-12-08 08:56:34,11.7756370416408
"548",548,"CSF 9195",283,0,40,2015-12-07 20:05:56,0.175885643256681
"549",549,"FJC 9934",7863,0,45,2015-12-08 07:41:31,4.88688626476072
"550",550,"FJC 9934",319,3,70,2015-12-07 18:05:53,0.198259788688626
"551",551,"FJC 9934",813,0,5,2015-12-07 17:35:52,0.505282784338098
"552",552,"FTD 8882",1121,0,25,2015-12-08 12:16:48,0.696706028589186
"553",553,"FTD 8882",6233,3,30,2015-12-08 08:51:34,3.87383467992542
"554",554,"FTD 8882",4329,0,20,2015-12-07 17:45:52,2.69049098819142
"555",555,"FTD 8882",5398,6,110,2015-12-07 15:50:49,3.35487880671224
"556",556,"FBV 4363",1626,0,5,2015-12-08 11:06:41,1.0105655686762
"557",557,"FBV 4363",2464,3,20,2015-12-08 09:26:35,1.5313859540087
"558",558,"FBV 4363",2883,0,35,2015-12-08 07:46:31,1.79179614667495
"559",559,"FBV 4363",6412,0,25,2015-12-08 07:16:29,3.98508390304537
"560",560,"FBV 4363",4689,3,10,2015-12-07 18:55:54,2.91423244251088
"561",561,"FBV 4363",2769,0,20,2015-12-07 18:15:53,1.72094468614046
"562",562,"FBV 4363",1877,0,10,2015-12-07 13:40:46,1.16656308266004
"563",563,"FBV 4488",3387,3,45,2015-12-08 10:51:39,2.10503418272219
"564",564,"FBV 4488",4276,0,20,2015-12-07 21:20:58,2.65755127408328
"565",565,"FBV 4477",3248,0,15,2015-12-08 09:16:35,2.01864512119329
"566",566,"FBV 4477",2732,3,55,2015-12-07 17:10:51,1.69794903666874
"567",567,"FHB 2835",15613,3,35,2015-12-07 23:21:08,9.70354257302673
"568",568,"FJC 9791",14958,0,25,2015-12-08 10:41:39,9.29645742697327
"569",569,"FJC 9791",2243,6,70,2015-12-07 15:50:49,1.39403356121815
"570",570,"CK9 T295",5779,0,35,2015-12-08 08:51:34,3.591671845867
"571",571,"CK9 T295",3288,0,15,2015-12-08 08:31:33,2.04350528278434
"572",572,"CK9 T295",5164,0,30,2015-12-08 07:56:31,3.2094468614046
"573",573,"CK9 T295",2617,0,35,2015-12-08 07:06:29,1.62647607209447
"574",574,"CK9 T295",2497,0,10,2015-12-07 20:40:57,1.55189558732132
"575",575,"CK9 T295",4797,0,45,2015-12-07 18:40:54,2.98135487880671
"576",576,"CK9 T295",3135,0,10,2015-12-07 16:15:50,1.94841516469857
"577",577,"CK9 T295",2837,0,10,2015-12-07 13:40:46,1.76320696084525
"578",578,"CZT 0934",5282,0,35,2015-12-07 18:05:53,3.2827843380982
"579",579,"CZT 0934",4133,0,25,2015-12-07 16:10:50,2.56867619639528
"580",580,"FHB 1550",4183,3,5,2015-12-08 10:21:38,2.59975139838409
"581",581,"FHB 1550",3272,0,40,2015-12-07 16:15:50,2.03356121814792
"582",582,"FJD 0197",0,6,85,2015-12-08 12:06:47,0
"583",583,"FJD 0197",0,0,95,2015-12-08 08:26:33,0
"584",584,"FJD 0197",6442,0,30,2015-12-08 07:31:30,4.00372902423866
"585",585,"FJD 0197",177,0,0,2015-12-08 06:51:28,0.110006215040398
"586",586,"FJD 0197",6156,3,10,2015-12-08 06:26:27,3.82597886886265
"587",587,"CZT 0998",0,0,0,2015-12-08 01:11:13,0
"588",588,"CZT 0998",7443,6,20,2015-12-08 00:36:10,4.62585456805469
"589",589,"CZT 0998",5559,3,15,2015-12-07 18:50:54,3.45494095711622
"590",590,"FJC 9925",4236,0,25,2015-12-08 12:21:49,2.63269111249223
"591",591,"FJC 9925",7984,-37,20,2015-12-08 10:16:37,4.96208825357365
"592",592,"FFD 7834",2187,0,10,2015-12-08 12:51:51,1.35922933499068
"593",593,"FFD 7834",2700,0,35,2015-12-08 10:56:39,1.6780609073959
"594",594,"FFD 7834",7213,0,30,2015-12-07 19:30:55,4.48290863890615
"595",595,"FFD 7834",3268,0,40,2015-12-07 18:35:54,2.03107520198881
"596",596,"FHB 2866",0,3,70,2015-12-08 12:11:48,0
"597",597,"FHB 2866",2433,0,5,2015-12-08 07:51:31,1.51211932877564
"598",598,"FHB 2866",9894,3,25,2015-12-07 21:36:01,6.1491609695463
"599",599,"FHB 2866",7113,6,20,2015-12-07 17:30:52,4.42075823492853
"600",600,"CSF 9063",1678,0,15,2015-12-08 11:16:41,1.04288377874456
"601",601,"CSF 9063",4335,6,15,2015-12-08 07:31:30,2.69422001243008
"602",602,"CSF 9063",3734,3,20,2015-12-07 17:10:51,2.32069608452455
"603",603,"CSF 9063",5267,3,45,2015-12-07 16:15:50,3.27346177750155
"604",604,"CSF 9063",5905,3,65,2015-12-07 14:50:48,3.66998135487881
"605",605,"FBV 4379",2677,3,5,2015-12-08 12:46:51,1.66376631448104
"606",606,"FBV 4379",5430,0,35,2015-12-08 10:36:38,3.37476693598508
"607",607,"FBV 4379",5425,3,40,2015-12-07 14:20:47,3.3716594157862
"608",608,"FJD 0198",6819,0,10,2015-12-08 12:36:50,4.23803604723431
"609",609,"FJD 0198",6813,0,50,2015-12-07 19:10:55,4.23430702299565
"610",610,"FJC 9788",2917,0,5,2015-12-08 07:01:29,1.81292728402735
"611",611,"FJC 9788",5025,3,25,2015-12-07 22:41:06,3.1230577998757
"612",612,"FJC 9788",1864,0,15,2015-12-07 14:20:47,1.15848353014295
"613",613,"FBV 4365",2392,0,20,2015-12-08 10:21:38,1.48663766314481
"614",614,"FBV 4365",2329,3,10,2015-12-08 09:11:34,1.44748290863891
"615",615,"FBV 4365",6765,3,25,2015-12-07 23:41:09,4.20447482908639
"616",616,"FBV 4355",806,0,15,2015-12-08 06:56:28,0.500932256059664
"617",617,"FBV 4355",1418,0,25,2015-12-08 06:21:27,0.881292728402735
"618",618,"FBV 4355",2338,0,35,2015-12-07 19:50:56,1.45307644499689
"619",619,"FBV 4355",3040,0,10,2015-12-07 18:20:53,1.88937228091983
"620",620,"FHB 0202",7179,0,15,2015-12-08 09:06:34,4.46177750155376
"621",621,"FBV 4381",939,3,5,2015-12-08 09:41:36,0.583592293349907
"622",622,"FBV 4381",7447,0,15,2015-12-08 02:41:16,4.6283405842138
"623",623,"FBV 4381",11931,6,85,2015-12-07 16:15:50,7.41516469857054
"624",624,"FBV 6124",1803,3,30,2015-12-08 07:26:30,1.12057178371659
"625",625,"FBV 6124",4407,0,15,2015-12-07 22:06:05,2.73896830329397
"626",626,"FBV 6124",2540,3,15,2015-12-07 20:35:57,1.5786202610317
"627",627,"FBV 6124",4515,0,25,2015-12-07 19:05:55,2.80609073958981
"628",628,"FBV 6124",4354,3,20,2015-12-07 16:40:51,2.70602858918583
"629",629,"CZT 1032",20232,21,80,2015-12-08 08:41:33,12.5742697327533
"630",630,"CZT 1032",3940,0,15,2015-12-07 20:20:56,2.44872591671846
"631",631,"CSF 9068",7548,0,15,2015-12-07 19:50:56,4.6911124922312
"632",632,"FHB 2847",440,10,70,2015-12-08 09:56:36,0.273461777501554
"633",633,"FHB 2847",3299,0,20,2015-12-07 23:11:08,2.05034182722188
"634",634,"FHB 2847",1744,0,10,2015-12-07 20:05:56,1.08390304536979
"635",635,"FHB 2847",7533,0,25,2015-12-07 19:00:54,4.68178993163456
"636",636,"FHB 2847",7741,0,25,2015-12-07 16:55:51,4.81106277190802
"637",637,"FHB 2847",4877,0,45,2015-12-07 15:15:48,3.03107520198881
"638",638,"FHB 2847",1298,0,40,2015-12-07 14:25:47,0.806712243629584
"639",639,"CSF 8933",13035,0,15,2015-12-07 15:15:48,8.10130515848353
"640",640,"FHB 1327",5792,3,20,2015-12-08 11:31:42,3.59975139838409
"641",641,"FHB 1327",7538,0,40,2015-12-08 10:11:37,4.68489745183344
"642",642,"FHB 1327",7866,3,15,2015-12-08 00:21:10,4.88875077688005
"643",643,"FHB 1327",6775,0,10,2015-12-07 20:25:56,4.21068986948415
"644",644,"FHB 1327",1779,0,20,2015-12-07 18:25:53,1.10565568676196
"645",645,"FHB 1327",601,3,85,2015-12-07 15:25:49,0.373523927905531
"646",646,"FGZ 8623",310,3,50,2015-12-08 10:41:39,0.19266625233064
"647",647,"FGZ 8623",18194,6,40,2015-12-07 19:50:56,11.3076444996892
"648",648,"FGZ 8623",18351,0,30,2015-12-07 15:25:49,11.4052206339341
"649",649,"FGZ 8688",3078,0,35,2015-12-08 07:56:31,1.91298943443132
"650",650,"FGZ 8688",2251,0,5,2015-12-08 00:36:10,1.39900559353636
"651",651,"FGZ 8688",1124,0,0,2015-12-07 21:10:58,0.698570540708515
"652",652,"FGZ 8688",2308,3,10,2015-12-07 20:15:56,1.4344313238036
"653",653,"FBV 4386",8516,-55,135,2015-12-08 11:11:41,5.29272840273462
"654",654,"CZT 0920",0,0,0,2015-12-08 11:56:46,0
"655",655,"CZT 0920",3223,0,20,2015-12-08 11:21:41,2.00310752019888
"656",656,"CZT 0920",2722,0,10,2015-12-08 09:11:34,1.69173399627098
"657",657,"CZT 0920",1996,3,15,2015-12-07 17:20:52,1.24052206339341
"658",658,"CZS 9748",2663,0,15,2015-12-07 21:36:01,1.65506525792418
"659",659,"CZS 9748",12339,0,35,2015-12-07 16:50:51,7.66873834679925
"660",660,"CZS 9748",1328,0,5,2015-12-07 14:50:48,0.825357364822871
"661",661,"CSG 1520",6186,6,35,2015-12-08 11:21:41,3.84462399005594
"662",662,"CSG 1520",4648,0,45,2015-12-07 22:16:05,2.88875077688005
"663",663,"CSG 1520",2072,0,5,2015-12-07 21:20:58,1.28775637041641
"664",664,"CSG 1520",2852,3,30,2015-12-07 20:45:57,1.77252952144189
"665",665,"FHB 0203",2727,0,15,2015-12-08 12:41:50,1.69484151646986
"666",666,"CSF 8927",5848,0,30,2015-12-07 17:50:52,3.63455562461156
"667",667,"CSF 8927",5626,3,30,2015-12-07 15:20:49,3.49658172778123
"668",668,"CK9 T281",10516,3,20,2015-12-07 16:20:50,6.53573648228713
"669",669,"FJC 9789",6647,3,30,2015-12-08 12:16:48,4.13113735239279
"670",670,"FJC 9789",7789,3,10,2015-12-08 07:26:30,4.84089496581728
"671",671,"FJC 9789",10450,3,15,2015-12-07 21:56:05,6.4947172156619
"672",672,"FJC 9789",2620,0,70,2015-12-07 16:40:51,1.6283405842138
"673",673,"FJC 9789",9932,3,45,2015-12-07 15:40:49,6.1727781230578
"674",674,"FJC 9789",2153,3,10,2015-12-07 13:55:47,1.33809819763828
"675",675,"FJC 9783",13874,3,20,2015-12-07 21:15:58,8.62274704785581
"676",676,"CSF 9071",3273,3,25,2015-12-08 08:11:32,2.03418272218769
"677",677,"CSF 9071",5151,0,10,2015-12-07 18:55:54,3.20136730888751
"678",678,"CSF 9071",5226,3,10,2015-12-07 17:40:52,3.24798011187073
"679",679,"FHB 1335",1290,3,15,2015-12-08 12:01:46,0.801740211311374
"680",680,"FHB 1335",1712,0,15,2015-12-08 11:36:45,1.06401491609695
"681",681,"FHB 1335",7096,0,15,2015-12-08 09:06:34,4.41019266625233
"682",682,"FHB 1335",4817,3,15,2015-12-07 18:25:53,2.99378495960224
"683",683,"FGZ 8805",1718,4,35,2015-12-08 12:11:48,1.06774394033561
"684",684,"FGZ 8805",457,0,0,2015-12-08 08:11:32,0.28402734617775
"685",685,"FGZ 8805",2067,-7,70,2015-12-08 06:56:28,1.28464885021753
"686",686,"CK9 T283",3976,0,20,2015-12-07 18:30:54,2.4711000621504
"687",687,"CK9 T283",3511,0,20,2015-12-07 17:35:52,2.18210068365444
"688",688,"CK9 T283",3458,0,30,2015-12-07 15:15:48,2.1491609695463
"689",689,"CK9 T283",3412,3,20,2015-12-07 14:35:48,2.12057178371659
"690",690,"CK9 T283",3301,0,15,2015-12-07 14:05:47,2.05158483530143
"691",691,"FHB 1677",19537,0,60,2015-12-07 18:25:53,12.1423244251088
"692",692,"FHB 1677",5709,0,80,2015-12-07 16:30:50,3.54816656308266
"693",693,"CZT 0923",5084,3,25,2015-12-07 16:55:51,3.1597265382225
"694",694,"FBV 4395",10291,0,40,2015-12-08 07:26:30,6.39589807333748
"695",695,"FBV 4395",5804,0,10,2015-12-07 18:25:53,3.6072094468614
"696",696,"FBV 4395",4232,0,45,2015-12-07 16:30:50,2.63020509633313
"697",697,"FHB 1678",3231,0,35,2015-12-07 20:20:56,2.00807955251709
"698",698,"FHB 1678",143,7,50,2015-12-07 18:10:53,0.088875077688005
"699",699,"FBV 4394",742,3,10,2015-12-08 13:21:54,0.461155997513984
"700",700,"FBV 4394",5074,0,10,2015-12-08 07:16:29,3.15351149782474
"701",701,"FBV 4394",5060,3,20,2015-12-07 17:00:51,3.14481044126787
"702",702,"FBV 4384",19708,6,20,2015-12-08 05:16:24,12.2486016159105
"703",703,"FBV 4384",5545,0,35,2015-12-07 15:50:49,3.44623990055935
"704",704,"FBV 4426",254,0,0,2015-12-08 12:46:51,0.15786202610317
"705",705,"FBV 4426",4533,0,25,2015-12-08 12:01:46,2.81727781230578
"706",706,"FBV 4426",0,3,30,2015-12-07 20:10:56,0
"707",707,"CZS 9750",852,6,55,2015-12-08 11:46:46,0.529521441889372
"708",708,"CZS 9750",2084,0,10,2015-12-08 08:46:33,1.29521441889372
"709",709,"CZS 9750",5380,0,35,2015-12-08 01:11:13,3.34369173399627
"710",710,"CZS 9750",5779,3,20,2015-12-07 18:20:53,3.591671845867
"711",711,"CZS 9750",2271,0,15,2015-12-07 16:10:50,1.41143567433188
"712",712,"CZS 9750",1752,0,10,2015-12-07 15:10:48,1.088875077688
"713",713,"CZS 9750",2755,0,45,2015-12-07 13:55:47,1.71224362958359
"714",714,"FJC 9785",280,3,30,2015-12-07 19:15:55,0.174021131137352
"715",715,"FJC 9785",3637,0,10,2015-12-07 17:50:52,2.26041019266625
"716",716,"FJC 9785",2046,0,15,2015-12-07 17:20:52,1.27159726538222
"717",717,"FJC 9785",0,3,55,2015-12-07 15:55:49,0
"718",718,"FJC 9787",9715,6,45,2015-12-08 02:01:15,6.03791174642635
"719",719,"FJC 9787",1942,0,30,2015-12-07 20:10:56,1.20696084524549
"720",720,"FJC 9787",3376,0,20,2015-12-07 18:50:54,2.09819763828465
"721",721,"FJC 9787",2053,0,5,2015-12-07 18:05:53,1.27594779366066
"722",722,"FJC 9787",3679,3,30,2015-12-07 17:20:52,2.28651336233685
"723",723,"FJC 9787",1378,0,5,2015-12-07 16:40:51,0.856432566811684
"724",724,"FJC 9787",1304,0,10,2015-12-07 14:40:48,0.810441267868241
"725",725,"CSF 9060",29957,3,45,2015-12-07 18:40:54,18.6183965195774
"726",726,"FHB 2828",98,3,80,2015-12-08 10:51:39,0.0609073958980733
"727",727,"FHB 2828",2502,0,10,2015-12-08 10:06:37,1.5550031075202
"728",728,"FHB 2828",5355,0,10,2015-12-08 08:56:34,3.32815413300186
"729",729,"FHB 2828",5802,0,10,2015-12-07 19:55:56,3.60596643878185
"730",730,"FHB 2869",3753,3,20,2015-12-08 12:36:50,2.3325046612803
"731",731,"FHB 2869",6898,3,15,2015-12-07 19:45:56,4.28713486637663
"732",732,"FHB 2869",16081,9,30,2015-12-07 16:25:50,9.99440646364201
"733",733,"FBV 4476",2876,0,70,2015-12-07 19:10:55,1.78744561839652
"734",734,"FBV 4476",1537,0,10,2015-12-07 18:30:54,0.955251709136109
"735",735,"FBV 4476",17406,0,30,2015-12-07 17:20:52,10.8178993163456
"736",736,"CK9 T262",4480,6,50,2015-12-08 08:46:33,2.78433809819764
"737",737,"CK9 T262",4695,3,45,2015-12-07 18:30:54,2.91796146674953
"738",738,"CK9 T262",1571,0,10,2015-12-07 18:15:53,0.976382846488502
"739",739,"CK9 T262",725,0,15,2015-12-07 17:30:52,0.450590428837787
"740",740,"CK9 T262",3016,0,20,2015-12-07 16:40:51,1.8744561839652
"741",741,"CK9 T262",105,3,45,2015-12-07 14:15:47,0.0652579241765072
"742",742,"CSG 1544",396,3,5,2015-12-08 12:31:49,0.246115599751398
"743",743,"CSG 1544",3217,3,35,2015-12-08 11:16:41,1.99937849596022
"744",744,"CSG 1544",3639,0,35,2015-12-08 10:16:37,2.2616532007458
"745",745,"CSG 1544",5356,0,25,2015-12-07 17:05:51,3.32877563704164
"746",746,"CSG 1544",1946,0,25,2015-12-07 16:20:50,1.2094468614046
"747",747,"CSF 8924",13207,0,60,2015-12-08 08:06:32,8.20820385332505
"748",748,"CSF 8924",19975,3,20,2015-12-07 21:05:58,12.4145431945308
"749",749,"CSF 8924",19614,6,30,2015-12-07 19:25:55,12.1901802361715
"750",750,"CSF 8924",6057,0,15,2015-12-07 15:25:49,3.7644499689248
"751",751,"CK9 T304",10379,0,15,2015-12-07 18:55:54,6.45059042883779
"752",752,"FBV 4376",0,0,10,2015-12-08 07:56:31,0
"753",753,"FBV 4376",110,3,20,2015-12-07 18:10:53,0.0683654443753884
"754",754,"FBV 4376",7279,0,30,2015-12-07 14:40:48,4.52392790553139
"755",755,"CSG 2237",7284,0,30,2015-12-08 12:06:47,4.52703542573027
"756",756,"CSG 2237",1681,0,5,2015-12-08 11:41:46,1.04474829086389
"757",757,"CSG 2237",6734,0,20,2015-12-08 06:21:27,4.18520820385332
"758",758,"CSG 2237",17549,0,35,2015-12-07 22:31:06,10.9067743940336
"759",759,"FBV 4432",10122,4,15,2015-12-07 21:10:58,6.29086389061529
"760",760,"FBV 4432",2586,0,15,2015-12-07 20:50:57,1.6072094468614
"761",761,"FBV 4432",5592,0,15,2015-12-07 20:10:56,3.47545059042884
"762",762,"FBV 4432",7229,0,75,2015-12-07 17:20:52,4.49285270354257
"763",763,"FBV 4432",3742,0,25,2015-12-07 16:25:50,2.32566811684276
"764",764,"FBV 4432",20090,0,25,2015-12-07 15:45:49,12.486016159105
"765",765,"FHB 2867",2144,0,95,2015-12-08 10:41:39,1.3325046612803
"766",766,"FHB 2867",3946,0,10,2015-12-08 07:11:29,2.45245494095712
"767",767,"FHB 2867",2856,0,25,2015-12-07 14:20:47,1.77501553760099
"768",768,"CSF 9200",4287,0,20,2015-12-08 12:36:50,2.66438781852082
"769",769,"CSF 9200",4878,3,35,2015-12-07 17:10:51,3.03169670602859
"770",770,"CSF 9200",4020,0,40,2015-12-07 15:00:48,2.49844623990056
"771",771,"CSF 9200",1781,3,15,2015-12-07 14:30:47,1.10689869484152
"772",772,"FGZ 8626",14,0,250,2015-12-08 08:26:33,0.00870105655686762
"773",773,"FGZ 8626",18555,3,30,2015-12-07 17:25:52,11.5320074580485
"774",774,"FGZ 8626",5153,0,10,2015-12-07 15:40:49,3.20261031696706
"775",775,"CSF 9196",3384,0,30,2015-12-08 08:46:33,2.10316967060286
"776",776,"CSF 9196",7467,6,15,2015-12-08 08:06:32,4.64077066500932
"777",777,"CSF 9196",7746,3,15,2015-12-07 20:15:56,4.8141702921069
"778",778,"CSF 9196",166,0,25,2015-12-07 19:40:56,0.103169670602859
"779",779,"CSF 9196",4222,3,15,2015-12-07 19:15:55,2.62399005593536
"780",780,"FHB 1680",4919,0,30,2015-12-08 08:06:32,3.05717837165942
"781",781,"CZS 9747",4251,0,30,2015-12-08 07:41:31,2.64201367308888
"782",782,"CZS 9747",4568,3,20,2015-12-07 17:05:51,2.83903045369795
"783",783,"FJC 9928",7149,6,1156,2015-12-07 15:25:49,4.44313238036047
"784",784,"CZT 0993",2187,3,5,2015-12-07 23:06:07,1.35922933499068
"785",785,"CZT 0993",12702,3,40,2015-12-07 21:20:58,7.89434431323804
"786",786,"CZT 0993",9508,0,30,2015-12-07 19:45:56,5.90926041019267
"787",787,"CZT 0993",15267,9,35,2015-12-07 18:50:54,9.48850217526414
"788",788,"CZT 0993",6091,3,30,2015-12-07 18:10:53,3.78558110627719
"789",789,"CZT 0993",1933,0,5,2015-12-07 17:25:52,1.20136730888751
"790",790,"CZT 0993",2264,3,5,2015-12-07 17:00:51,1.40708514605345
"791",791,"CSF 9192",2704,3,40,2015-12-08 07:51:31,1.680546923555
"792",792,"CSF 9192",2989,0,15,2015-12-07 19:35:55,1.85767557489124
"793",793,"CSF 8920",12225,3,40,2015-12-08 08:41:33,7.59788688626476
"794",794,"CSF 8920",18806,3,70,2015-12-08 01:16:13,11.6880049720323
"795",795,"CSF 8920",6540,3,20,2015-12-07 22:21:05,4.06463642013673
"796",796,"CSF 8920",6161,3,30,2015-12-07 19:45:56,3.82908638906153
"797",797,"CSF 8920",1799,0,35,2015-12-07 14:15:47,1.11808576755749
"798",798,"FGZ 8681",7337,0,15,2015-12-08 13:11:53,4.55997513983841
"799",799,"FGZ 8681",7730,3,15,2015-12-08 11:36:45,4.80422622747048
"800",800,"FGZ 8681",2999,3,15,2015-12-07 18:40:54,1.863890615289
"801",801,"FBV 4474",6034,0,20,2015-12-07 23:36:09,3.75015537600994
"802",802,"FBV 4474",1539,0,15,2015-12-07 18:35:54,0.956494717215662
"803",803,"FBV 4474",1375,3,10,2015-12-07 15:05:48,0.854568054692356
"804",804,"FBV 4474",5445,0,20,2015-12-07 14:30:47,3.38408949658173
"805",805,"CSF 9065",778,3,75,2015-12-07 20:10:56,0.483530142945929
"806",806,"FBV 4469",6793,0,40,2015-12-08 06:11:26,4.22187694220012
"807",807,"FBV 4469",7661,3,15,2015-12-08 02:36:16,4.76134244872592
"808",808,"FBV 4469",7146,3,20,2015-12-07 18:55:54,4.44126786824114
"809",809,"FBV 4469",5831,6,25,2015-12-07 18:00:53,3.62399005593536
"810",810,"FBV 4469",1608,0,20,2015-12-07 17:20:52,0.999378495960224
"811",811,"CSF 9074",6575,0,826,2015-12-07 23:16:08,4.0863890615289
"812",812,"CSF 9074",5485,0,35,2015-12-07 18:00:53,3.40894965817278
"813",813,"CSF 9074",4921,3,25,2015-12-07 16:30:50,3.05842137973897
"814",814,"CK9 T285",4255,0,30,2015-12-07 23:51:09,2.64449968924798
"815",815,"CK9 T285",6872,0,20,2015-12-07 14:50:48,4.27097576134245
"816",816,"CYL 4639",2481,3,15,2015-12-08 12:36:50,1.5419515226849
"817",817,"CYL 4639",444,0,20,2015-12-08 09:31:35,0.275947793660659
"818",818,"CYL 4639",5799,3,30,2015-12-08 07:51:31,3.60410192666252
"819",819,"CYL 4639",2471,3,15,2015-12-07 16:35:51,1.53573648228713
"820",820,"FGZ 8680",6363,3,25,2015-12-07 13:40:46,3.95463020509633
"821",821,"FHB 0200",4576,3,50,2015-12-08 12:41:50,2.84400248601616
"822",822,"FHB 0200",4108,3,10,2015-12-08 12:21:49,2.55313859540087
"823",823,"FGZ 8629",1353,0,10,2015-12-08 09:26:35,0.840894965817278
"824",824,"FGZ 8629",3185,0,20,2015-12-08 08:21:32,1.97949036668738
"825",825,"FGZ 8629",3759,3,20,2015-12-07 18:25:53,2.33623368551896
"826",826,"FGZ 8629",6076,3,40,2015-12-07 17:40:52,3.77625854568055
"827",827,"FGZ 8629",6985,3,75,2015-12-07 16:20:50,4.34120571783717
"828",828,"FGZ 8629",8325,0,15,2015-12-07 15:15:48,5.17402113113735
"829",829,"FBV 4358",3366,3,15,2015-12-08 11:56:46,2.09198259788689
"830",830,"FBV 4358",5040,0,15,2015-12-08 08:01:31,3.13238036047234
"831",831,"FBV 4358",5398,3,15,2015-12-07 14:15:47,3.35487880671224
"832",832,"CSF 8919",1384,0,30,2015-12-08 11:31:42,0.860161591050342
"833",833,"CSF 8919",1454,0,10,2015-12-08 11:01:41,0.90366687383468
"834",834,"CSF 8919",1148,3,10,2015-12-08 09:41:36,0.713486637663145
"835",835,"CSF 8919",2473,0,30,2015-12-08 09:06:34,1.53697949036669
"836",836,"CSF 8919",6325,0,45,2015-12-08 07:36:30,3.93101305158484
"837",837,"CSF 8919",2325,3,30,2015-12-07 18:35:54,1.4449968924798
"838",838,"CSF 8919",398,0,45,2015-12-07 16:15:50,0.247358607830951
"839",839,"CSF 8919",10976,0,35,2015-12-07 15:20:49,6.82162834058421
"840",840,"CSF 8919",2278,3,5,2015-12-07 14:25:47,1.41578620261032
"841",841,"DBW 2627",334,0,5,2015-12-07 16:50:51,0.20758234928527
"842",842,"DBW 2627",3655,0,15,2015-12-07 16:30:50,2.27159726538222
"843",843,"CZT 0999",1237,3,20,2015-12-08 08:21:32,0.768800497203232
"844",844,"CZT 0999",5670,0,35,2015-12-08 06:01:26,3.52392790553139
"845",845,"CZT 0999",6513,0,205,2015-12-07 15:50:49,4.04785581106277
"846",846,"CSF 8935",7896,3,15,2015-12-08 12:46:51,4.90739589807334
"847",847,"CSF 8935",5544,3,30,2015-12-07 17:20:52,3.44561839651958
"848",848,"CSF 8935",1652,0,5,2015-12-07 14:20:47,1.02672467371038
"849",849,"FBV 4440",3058,3,15,2015-12-08 12:41:50,1.9005593536358
"850",850,"FBV 4440",3191,3,15,2015-12-08 10:06:37,1.98321939092604
"851",851,"FBV 4440",1958,0,35,2015-12-07 17:10:51,1.21690490988191
"852",852,"FHB 1337",1575,0,20,2015-12-08 10:31:38,0.978868862647607
"853",853,"FHB 1337",3177,0,20,2015-12-08 08:26:33,1.97451833436917
"854",854,"FHB 1337",9192,6,30,2015-12-07 18:40:54,5.71286513362337
"855",855,"FHB 2899",10181,3,25,2015-12-08 09:01:34,6.32753262896209
"856",856,"FHB 2899",4021,3,35,2015-12-08 08:01:31,2.49906774394034
"857",857,"FHB 2899",3856,0,15,2015-12-07 17:35:52,2.39651957737725
"858",858,"CYL 4630",7164,0,25,2015-12-07 21:51:04,4.45245494095712
"859",859,"CYL 4630",2241,0,55,2015-12-07 17:20:52,1.3927905531386
"860",860,"FBV 4468",17955,3,40,2015-12-08 07:36:30,11.1591050341827
"861",861,"FBV 4468",4632,3,15,2015-12-07 21:15:58,2.87880671224363
"862",862,"FBV 4468",4566,3,10,2015-12-07 19:50:56,2.8377874456184
"863",863,"FBV 4468",4599,0,15,2015-12-07 15:15:48,2.85829707893101
"864",864,"FHB 0204",3322,0,10,2015-12-08 11:51:46,2.06463642013673
"865",865,"FHB 2826",7716,0,20,2015-12-07 23:56:09,4.79552517091361
"866",866,"FHB 2826",3757,0,15,2015-12-07 22:51:07,2.3349906774394
"867",867,"FHB 2826",3811,0,25,2015-12-07 18:10:53,2.36855189558732
"868",868,"FHB 2838",5928,0,25,2015-12-08 11:36:45,3.68427594779366
"869",869,"FHB 2838",3586,0,10,2015-12-08 10:06:37,2.22871348663766
"870",870,"FHB 2838",7030,0,35,2015-12-08 06:16:26,4.3691733996271
"871",871,"FHB 2838",8948,0,15,2015-12-07 17:05:51,5.56121814791796
"872",872,"FGZ 8802",86,3,60,2015-12-07 18:35:54,0.0534493474207582
"873",873,"FHB 1681",11586,3,15,2015-12-07 16:40:51,7.20074580484773
"874",874,"FBV 4354",6773,0,15,2015-12-08 07:31:30,4.2094468614046
"875",875,"FBV 4354",6178,3,30,2015-12-07 13:50:46,3.83965195773773
"876",876,"FJD 0200",6783,3,45,2015-12-07 16:10:50,4.21566190180236
"877",877,"CK9 T309",3307,0,20,2015-12-08 12:41:50,2.05531385954009
"878",878,"CK9 T309",3197,0,15,2015-12-08 12:11:48,1.9869484151647
"879",879,"CK9 T309",2975,-73,135,2015-12-08 09:36:35,1.84897451833437
"880",880,"CK9 T309",4487,0,15,2015-12-07 23:56:09,2.78868862647607
"881",881,"CZS 9751",535,0,0,2015-12-08 11:51:46,0.332504661280298
"882",882,"CZS 9751",356,0,0,2015-12-08 11:06:41,0.221255438160348
"883",883,"CZS 9751",11199,9,45,2015-12-08 08:51:34,6.96022374145432
"884",884,"FJD 0195",8216,0,10,2015-12-07 20:30:56,5.10627719080174
"885",885,"FJD 0195",8239,9,100,2015-12-07 14:30:47,5.12057178371659
"886",886,"FGZ 8624",3238,3,10,2015-12-07 22:16:05,2.01243008079553
"887",887,"FGZ 8624",5858,0,20,2015-12-07 17:35:52,3.64077066500932
"888",888,"FGZ 8624",6110,3,15,2015-12-07 14:35:48,3.79738968303294
"889",889,"FJD 0199",0,3,5,2015-12-08 11:16:41,0
"890",890,"FJD 0199",5610,0,20,2015-12-07 14:25:47,3.48663766314481
"891",891,"FHB 2856",2663,0,10,2015-12-08 13:11:53,1.65506525792418
"892",892,"FHB 2856",2416,0,15,2015-12-08 10:46:39,1.50155376009944
"893",893,"FHB 2856",1025,-82,25,2015-12-08 09:31:35,0.637041640770665
"894",894,"FHB 2856",4005,0,10,2015-12-07 22:01:05,2.48912367930392
"895",895,"FHB 2856",6236,0,25,2015-12-07 18:00:53,3.87569919204475
"896",896,"FHB 2829",5045,0,15,2015-12-08 09:06:34,3.13548788067122
"897",897,"FHB 2829",3825,0,20,2015-12-07 18:30:54,2.37725295214419
"898",898,"FHB 2829",2132,0,20,2015-12-07 18:00:53,1.32504661280298
"899",899,"FHB 2829",3009,3,30,2015-12-07 16:45:51,1.87010565568676
"900",900,"CYL 4628",12720,3,25,2015-12-08 12:11:48,7.90553138595401
"901",901,"CYL 4628",2108,0,15,2015-12-08 09:21:35,1.31013051584835
"902",902,"CYL 4628",121,3,60,2015-12-07 21:56:05,0.0752019888129273
"903",903,"CYL 4628",6905,0,35,2015-12-07 19:20:55,4.29148539465506
"904",904,"CK9 T286",1608,0,5,2015-12-08 12:51:51,0.999378495960224
"905",905,"CK9 T286",3752,0,35,2015-12-08 10:41:39,2.33188315724052
"906",906,"CK9 T286",909,0,10,2015-12-07 15:35:49,0.564947172156619
"907",907,"DBW 2626",6452,0,20,2015-12-08 11:26:42,4.00994406463642
"908",908,"CSG 1513",3587,-22,1041,2015-12-07 18:30:54,2.22933499067744
"909",909,"CSG 1513",944,0,10,2015-12-07 14:10:47,0.586699813548788
"910",910,"GGG 3720",6534,0,10,2015-12-08 10:31:38,4.06090739589807
"911",911,"GGG 3720",6397,0,15,2015-12-07 20:10:56,3.97576134244873
"912",912,"GGG 3720",1815,0,10,2015-12-07 18:45:54,1.12802983219391
"913",913,"GGG 3720",1603,0,30,2015-12-07 17:50:52,0.996270975761342
"914",914,"GGG 3720",2797,3,25,2015-12-07 16:55:51,1.7383467992542
"915",915,"CK9 T306",17712,6,30,2015-12-08 07:46:31,11.0080795525171
"916",916,"CK9 T306",6285,0,25,2015-12-07 21:31:01,3.90615288999378
"917",917,"CK9 T306",1033,0,5,2015-12-07 21:20:58,0.642013673088875
"918",918,"CK9 T306",972,0,10,2015-12-07 18:15:53,0.604101926662523
"919",919,"FBV 4471",0,0,15,2015-12-08 07:51:31,0
"920",920,"FBV 4471",7261,0,15,2015-12-07 18:05:53,4.51274083281541
"921",921,"FJC 9927",3664,0,10,2015-12-07 16:00:49,2.27719080174021
"922",922,"CK9 T375",2105,-43,35,2015-12-08 10:31:38,1.30826600372902
"923",923,"FHB 2832",8715,-70,75,2015-12-08 09:31:35,5.41640770665009
"924",924,"FBV 4391",4509,3,10,2015-12-08 11:36:45,2.80236171535115
"925",925,"FBV 4391",1268,6,150,2015-12-07 16:00:49,0.788067122436296
"926",926,"FBV 4391",615,0,40,2015-12-07 15:10:48,0.382224984462399
"927",927,"FBV 4391",617,0,0,2015-12-07 15:05:48,0.383467992541952
"928",928,"FJC 9793",6386,6,85,2015-12-08 11:56:46,3.96892479801119
"929",929,"FJC 9793",6987,3,25,2015-12-08 09:31:35,4.34244872591672
"930",930,"CSG 1541",5802,0,10,2015-12-08 11:36:45,3.60596643878185
"931",931,"CSG 1541",1911,-73,70,2015-12-08 08:26:33,1.18769422001243
"932",932,"CSG 1541",0,0,5,2015-12-08 08:01:31,0
"933",933,"CSG 1541",5129,0,35,2015-12-08 04:31:22,3.18769422001243
"934",934,"CSG 1541",5806,3,30,2015-12-07 17:45:52,3.60845245494096
"935",935,"FBV 4428",9108,10,100,2015-12-08 08:16:32,5.66065879428216
"936",936,"FBV 4383",1574,0,20,2015-12-08 08:36:33,0.978247358607831
"937",937,"FBV 4383",4609,3,30,2015-12-08 07:51:31,2.86451211932878
"938",938,"FBV 4383",4506,0,25,2015-12-08 06:31:27,2.80049720323182
"939",939,"FBV 4383",1971,3,15,2015-12-07 21:00:58,1.22498446239901
"940",940,"FBV 4383",3213,0,10,2015-12-07 20:35:57,1.99689247980112
"941",941,"FBV 4383",2676,0,10,2015-12-07 19:10:55,1.66314481044127
"942",942,"FBV 4383",3025,0,10,2015-12-07 18:45:54,1.88004972032318
"943",943,"CSF 9069",14496,6,25,2015-12-08 08:31:33,9.00932256059664
"944",944,"CSF 9069",0,0,0,2015-12-08 01:21:13,0
"945",945,"CSF 9069",2829,0,10,2015-12-07 20:35:57,1.75823492852704
"946",946,"CSF 9069",5976,6,20,2015-12-07 13:50:46,3.71410814170292
